sample_id,situation,selected_low,dimension_coverage,bleu_first_person,bleu_third_person_mean_reference,bleu_third_person_best_reference,bleu_mean_reference_uplift,bleu_best_reference_uplift,rouge-1_first_person,rouge-1_third_person_mean_reference,rouge-1_third_person_best_reference,rouge-1_mean_reference_uplift,rouge-1_best_reference_uplift,rouge-2_first_person,rouge-2_third_person_mean_reference,rouge-2_third_person_best_reference,rouge-2_mean_reference_uplift,rouge-2_best_reference_uplift,rouge-l_first_person,rouge-l_third_person_mean_reference,rouge-l_third_person_best_reference,rouge-l_mean_reference_uplift,rouge-l_best_reference_uplift,bertscore_first_person,bertscore_third_person_mean_reference,bertscore_third_person_best_reference,bertscore_mean_reference_uplift,bertscore_best_reference_uplift
55d51a6b8ce09000127d4821_20260228_162502_69a314f1,"Someone I had been close with and talking to often just stopped responding to me. I really wanted them to reply or at least have someone around to keep me company and help me feel like I'm not inferior. I started to accept the situation, even though it still doesn't feel good. I realized that if someone doesn't want to talk to me anymore, there's no point in pursuing it. This person had been someone I talked to for a long time and had helped me through some stressful situations, so it was important to me.",False,1.0,0.0,0.0,0.0,0.0,0.0,0.18668211660109427,0.16878457358711801,0.24298995083380662,-0.017897543013976253,0.05630783423271235,0.03676767676767677,0.015346539130072894,0.030888260675494716,-0.021421137637603872,-0.005879416092182052,0.1474476668403287,0.12887257353535428,0.17252500659687137,-0.01857509330497442,0.025077339756542666,0.8744588851928711,0.8752728629112244,0.8840019822120666,0.0008139777183533425,0.009543097019195534
57fa9d61bd8a970001fde2c6_20260301_180805_69a47e3e,"My friend was talking about the anniversary of the death of her husband, who was also my friend. It was nice to recall good memories rather than dwelling on their actual death. There was a slight feeling of sadness that they were no longer here, but it was also uplifting to reminisce and share our feelings. It was important to me that my friend felt comfortable talking about it with me.",False,1.0,0.0,0.0049111587886368265,0.02455579394318413,0.0049111587886368265,0.02455579394318413,0.24029863352470443,0.15974617498263344,0.22825927779742045,-0.08055245854207099,-0.012039355727283985,0.05421357093089616,0.018872847162693804,0.06870041814965136,-0.03534072376820235,0.014486847218755199,0.16632465368886767,0.12089407968365991,0.16831067465480337,-0.045430574005207766,0.0019860209659356975,0.8793277502059936,0.8724488544464112,0.8848513841629029,-0.0068788957595824485,0.005523633956909246
59fc8a30087f2e0001ead66d_20260303_162019_69a70805,"I recently received a letter from the hospital, and I was shocked because it used words like 'urgent.' I only read the letter online and didn't get my physical copy, which made me panic. I needed an explanation because it was quite scary. The whole situation left me feeling disregarded and unimportant. It was important for me to express my emotions and upset, so I found the right person to speak to. They conducted investigations for me and then explained everything in a phone call.",False,1.0,0.0,0.0,0.0,0.0,0.0,0.22155131143366438,0.1934336703884814,0.28437393431685076,-0.028117641045182995,0.06282262288318638,0.00547945205479452,0.02614147748427667,0.06107545073062315,0.020662025429482152,0.05559599867582863,0.1398054494525083,0.14870605900070538,0.20888191652776417,0.008900609548197075,0.06907646707525586,0.8782493829727173,0.8800308704376221,0.8969050884246826,0.0017814874649048074,0.018655705451965376
5a764e848fe2dc000105739c_20260301_143615_69a44b6b,"I met up with some old friends from my past at a beerex and spent the evening chatting about the past and what we are doing today. We all got something positive from the evening and decided we would like to repeat it the following year. I felt rather good because not only did we all enjoy ourselves, I felt particularly good knowing I contributed in the past to their being friends today. I also had my brother there and my best friend who also knew these people, and they also enjoyed the evening.",True,1.0,0.0,0.010990161378190907,0.05495080689095454,0.010990161378190907,0.05495080689095454,0.1282975691722538,0.16818735404971916,0.26107194692100355,0.03988978487746536,0.13277437774874976,0.010256410256410256,0.030690913686048583,0.10079484425349088,0.020434503429638325,0.09053843399708061,0.10607534695003155,0.144448272856182,0.2268063974501266,0.03837292590615045,0.12073105050009504,0.8679573774337769,0.881279056072235,0.8949873685836792,0.013321678638458123,0.027029991149902344
5a8367b9190420000155ec2a_20260301_201036_69a49ba2,"I was awarded a promotion that I had put a lot of effort into achieving. I had been unsure whether I would get the promotion, so I was trying to secure it by impressing my boss and senior management. When I finally got the promotion, it left me feeling shocked, surprised, proud, and grateful. It reassured me that I was capable of achieving something which I previously had doubts about.",False,1.0,0.0,0.0,0.0,0.0,0.0,0.26239120002264915,0.23503751034430423,0.31254324626763835,-0.027353689678344922,0.0501520462449892,0.03692529763112092,0.0463847340405791,0.1011296623912723,0.009459436409458177,0.06420436476015137,0.1914295073749272,0.17400731245521905,0.2313461443705346,-0.017422194919708145,0.03991663699560741,0.8748777389526368,0.8815032196044923,0.892861258983612,0.006625480651855531,0.017983520030975253
5a9dac22f053610001721635_20260308_165256_69ada61f,"I work with children who have Special Educational Needs and Disabilities (SEND), and this week was particularly draining because I was very tired due to lack of sleep. I was trying to get the kids to focus, but I was struggling myself because of how exhausted I felt. The whole situation was stressful, and I really wanted to leave work, but I knew they would be short-staffed if I did.",False,1.0,0.0,0.0,0.0,0.0,0.0,0.15902680197762167,0.17117026452326023,0.2583667758667759,0.012143462545638556,0.09933997388915425,0.013559322033898305,0.02773224406116162,0.08116506055158382,0.014172922027263316,0.06760573851768552,0.13902680197762168,0.12497612674262051,0.1812203112203112,-0.01405067523500117,0.042193509242689525,0.8777718067169189,0.8728921842575075,0.882858157157898,-0.004879622459411426,0.005086350440979048
5aa04de4dbdb470001ef1dd5_20260220_224347_6998e1c7,"This week has been really tough for me. A close family member suddenly became seriously ill and was taken into the hospital, even though they were okay just a few days before. I was trying to get to them as quickly as I could, but I was working away from home, which made it difficult. Not being able to reach them as fast as I wanted left me feeling really upset. On top of that, it was important for me to get back to help their children during this time.",False,1.0,0.0,0.0,0.0,0.0,0.0,0.22124294509193523,0.13197386615586568,0.20681433775696073,-0.08926907893606956,-0.014428607334974503,0.019437340153452685,0.020132182014185963,0.034670433145009415,0.0006948418607332779,0.01523309299155673,0.14762244852764383,0.1097735529606401,0.18100020395102362,-0.03784889556700373,0.033377755423379785,0.8782952070236206,0.8717336225509644,0.8819898009300232,-0.006561584472656201,0.003694593906402588
5abbe13268b65b00018cf94b_20260227_172233_69a1d127,"I passed my final probation at work, which means I'm now an early career teacher and can move up the pay scale. This whole experience has left me feeling proud and relieved. It was really important to me to maintain my high standards throughout the probation period, and the pay rise is also a significant factor for me. Teaching is my passion, and I find immense joy in inspiring and educating my students. Being able to continue doing what I love while advancing in my career is incredibly fulfilling.",False,1.0,0.0,0.0025675679815559426,0.012837839907779713,0.0025675679815559426,0.012837839907779713,0.21712945146509038,0.2031423744786803,0.28454929668344303,-0.01398707698641008,0.06741984521835265,0.013846153846153847,0.042632217030505196,0.11083755078016197,0.028786063184351347,0.09699139693400813,0.17515981840699713,0.17163180010104767,0.24686034015512565,-0.003528018305949454,0.07170052174812852,0.8833508372306824,0.8826368069648742,0.8977961540222168,-0.0007140302658081854,0.01444531679153438
5b51c33d026602000178b5ec_20260228_144002_69a2fa65,"My daughter was accepted back into high school this week after being homeschooled for approximately six months. We tried to get her into the school of her choice because she was missing the social aspect of friends and sports, and we finally received our offer this week. I was elated and nervous for her, with my emotions being up and down. It was definitely what she wants.",True,1.0,0.0,0.0,0.0,0.0,0.0,0.19670568066153807,0.17693126570507606,0.26537183896739414,-0.01977441495646201,0.06866615830585607,0.01976470588235294,0.028070363609419103,0.07734815943368081,0.008305657727066162,0.05758345355132787,0.14539792409062358,0.14672192730076697,0.23217402953534888,0.001324003210143393,0.0867761054447253,0.8672366619110108,0.8771799492835999,0.8955495595932007,0.009943287372589094,0.02831289768218992
5b9ca13a06114100010699b8_20260221_211806_699a1e71,"I went to the doctor with my daughter because she's struggling to eat a variety of food. I was hoping the doctor would give us some advice or refer us to a specialist for eating disorders, so we could get some expert help. Instead, the doctor told her she needed to try harder and said if she didn't, she wouldn't have a partner, have kids, or a job. Even after I expressed my concern that she might have an eating disorder, he dismissed it. I was very angry and felt hopeless. I also worried about my daughter and how it might have affected her listening to what the doctor said. I hoped that after going to the doctor, my daughter would feel as though she had been listened to and that there was hope for her to improve, but she was left feeling deflated.",False,1.0,0.0,0.0032347118329812373,0.016173559164906186,0.0032347118329812373,0.016173559164906186,0.19117795083704175,0.20692609134802137,0.2619983246727433,0.015748140510979614,0.07082037383570156,0.03970079570433217,0.05380402970325071,0.07905996206322664,0.014103233998918538,0.03935916635889447,0.14676945529218258,0.16154345560022737,0.21016034763751285,0.014774000308044793,0.06339089234533027,0.8796254396438599,0.8799233102798463,0.8910537362098694,0.00029787063598640806,0.011428296566009521
5be1fe1eca095c0001ba077a_20260224_194716_699dfd18,"My friend insisted that I go visit her, so I agreed and started walking to her place. It's quite far, about an hour's walk. When I was almost there, she texted me saying she was going to sleep and suggested we meet next time. I was very upset and walked back home. I didn't text her back because I was upset that she just changed her mind, knowing that I had been walking a long distance already. It left me feeling like she doesn't appreciate me or respect me. Now, I've got trust issues about my friend.",False,1.0,0.0,0.0,0.0,0.0,0.0,0.21201736394263637,0.16424553529774344,0.23819552069586097,-0.04777182864489293,0.026178156753224602,0.0272510435301133,0.013278124574442395,0.03786632932742989,-0.013972918955670904,0.010615285797316593,0.15245640480720918,0.12868723844621371,0.19333652858474126,-0.023769166360995464,0.040880123777532085,0.8757274866104126,0.8665816998481752,0.8808513641357422,-0.009145786762237318,0.005123877525329612
5c3cb9759883d4000141f800_20260305_223557_69aa00fc,"I was informed that a work colleague had passed away suddenly. I had been speaking to him just the other week and he seemed very well. Initially, I was shocked when I found out. It made me think of all the times we’d spent working together, and I felt sad. I felt a mixture of great memories but also a reminder that we shouldn’t take anything for granted; life is precious. I also had thoughts of his family and how they must be affected by this news.",False,1.0,0.0,0.008808985996018762,0.02434623104231637,0.008808985996018762,0.02434623104231637,0.1418819231955217,0.1838277244666266,0.27154853833425263,0.04194580127110489,0.12966661513873093,0.019901719901719902,0.042892625892625894,0.10287037037037036,0.02299090599090599,0.08296865046865046,0.10709931449986954,0.15827343524176166,0.23476079922152,0.05117412074189212,0.12766148472165045,0.8754267811775207,0.8787362837791444,0.9015739321708679,0.0033095026016236595,0.02614715099334719
5c49a4c1c41b2a0001840033_20260306_152850_69aaf15c,"I went to a gig, and when a certain song was played, I got emotional because of the personal meaning it has for me. I was thinking of the person the song reminds me of, and this made me upset but also comforted. Overall, I felt very touched by it and always will. I was focused on myself and the singer.",False,1.0,0.0,0.0,0.0,0.0,0.0,0.25360326114392445,0.16329665217862607,0.24452611218568662,-0.09030660896529838,-0.00907714895823783,0.06557971014492754,0.012009831231976256,0.05338248949321463,-0.053569878912951285,-0.012197220651712914,0.19906088141753747,0.12470478011258102,0.1949290780141844,-0.07435610130495646,-0.004131803403353063,0.8833558797836304,0.8714291381835938,0.8877569437026978,-0.011926741600036594,0.004401063919067361
5d8cef3c28e183001a335ab0_20260221_200716_699a0e28,"I had to go to an urgent care treatment centre because I felt very poorly and was worried about my health. I was having heart palpitations, and my GP was concerned. I felt very emotional because I was worried and felt so unwell, and I didn't know what was wrong with me. I just wanted to feel better. But after seeing the nurse at the treatment centre, I felt distressed and upset because it seemed like my health concerns were dismissed.",False,1.0,0.0,0.009395124560045985,0.046975622800229926,0.009395124560045985,0.046975622800229926,0.25391307790968326,0.23628446347218657,0.3592671601484331,-0.017628614437496692,0.10535408223874981,0.027925842976234915,0.04989801793952397,0.13631551634665282,0.021972174963289053,0.1083896733704179,0.19080432522761365,0.17305056703783123,0.2870178769182091,-0.01775375818978242,0.09621355169059548,0.8866034507751465,0.8758648777008056,0.8919816970825195,-0.010738573074340896,0.005378246307373047
5d9b7c7efaa2860364b16476_20260226_151702_69a05fe9,"Last week, I lost my very close friend who had been suffering from a lot of diseases. After a few days, he reached the end of his life. I think life is nothing but a journey, and we need to be ready to say bye. This situation left me feeling like nothing is permanent.",False,1.0,0.0,0.0037119084271902405,0.018559542135951203,0.0037119084271902405,0.018559542135951203,0.18644932795308733,0.15198968475502364,0.24760032760032763,-0.03445964319806369,0.0611509996472403,0.01993920972644377,0.0282999794828521,0.08782386072708652,0.008360769756408332,0.06788465100064275,0.15273050709140934,0.12681469794492223,0.22815552394499763,-0.025915809146487112,0.0754250168535883,0.88111572265625,0.8670234775543213,0.8844910383224487,-0.014092245101928746,0.0033753156661986417
5e6ce118673e50000c303890_20260227_200304_69a1f5eb,"I went away for a few days with my family, and it was an emotionally positive experience. I wanted to escape from work and other commitments that have been emotionally draining. For those few days, I felt like there was nothing to worry about, just enjoy the moment. The clean, clear air and the area we were at was quiet and isolated. We were the only people for miles.",False,1.0,0.0,0.0,0.0,0.0,0.0,0.23864913164104537,0.16387395731840254,0.26156621651715317,-0.07477517432264283,0.0229170848761078,0.040098199672667756,0.030051655492071012,0.07735741104952618,-0.010046544180596743,0.03725921137685842,0.14773039678700056,0.1421847292059379,0.21950755290470364,-0.005545667581062674,0.07177715611770308,0.8757504105567933,0.877900185585022,0.8945226311683655,0.002149775028228773,0.018772220611572243
5e94b43203807b339eef4947_20260306_164804_69ab0342,"I was trying to be nice to my daughter and connect with her by engaging in a conversation, asking what she wanted for dinner. Instead of responding, she was remote and rude to me, and then I got a page full of error messages. This situation left me feeling frustrated and a bit sad. It's important to me because this keeps happening, although there are other times when she's lovely and excitable.",False,1.0,0.0,0.0,0.0,0.0,0.0,0.1742578436660126,0.2079058383409408,0.26911877345985874,0.03364799467492821,0.09486092979384614,0.04162162162162162,0.020133104811817355,0.04711202522967228,-0.021488516809804264,0.005490403608050663,0.1453228442392099,0.15282765656355876,0.19066257734748387,0.007504812324348853,0.045339733108273966,0.8785043835639954,0.8778620386123658,0.8925512075424195,-0.0006423449516296253,0.01404682397842405
5eb0598b718c920e386736cd_20260305_204627_69a9e9e4,"Scenario: I recently received a pay raise at my job. I felt the urge to share the news with someone because it made me happy. The raise brought a sense of relief, especially with the rising costs of living, as it will be a significant help. However, it also made me feel like I need to demonstrate my value even more at work.",False,1.0,0.0,0.0,0.0,0.0,0.0,0.18419225423833718,0.17160290146575083,0.26382309914561436,-0.012589352772586354,0.07963084490727718,0.02011313639220616,0.018477623169654653,0.057710289537195904,-0.0016355132225515066,0.037597153144989744,0.13239389386854822,0.13143969924212368,0.1968331533240255,-0.0009541946264245427,0.0644392594554773,0.8760336875915528,0.8672916555404664,0.8849067330360413,-0.008742032051086368,0.008873045444488525
5f4a7a00dc1bde60ab8f7ac5_20260227_182021_69a1df78,"I'm feeling really frustrated because I don't have enough money to pay down my credit card debt. It's like I'm being drowned in bills and I just can't manage my debt adequately with my current income. This whole situation leaves me feeling like I'm sinking. On top of that, it's important for me to handle this without stressing out my elderly mom, who's prone to anxiety.",True,1.0,0.0,0.0,0.0,0.0,0.0,0.18623454162324088,0.1654884250039365,0.2443758740507583,-0.020746116619304367,0.05814133242751743,0.01818181818181818,0.012364420750786182,0.0439310492811673,-0.0058173974310319985,0.025749231099349117,0.13731011597535947,0.13035741831968328,0.19401144187797373,-0.006952697655676188,0.05670132590261426,0.8679933786392212,0.8654588079452514,0.8748899102210999,-0.0025345706939697843,0.00689653158187864
5fbea874041324074f0c3171_20260226_182654_69a08f08,"I was having such a lovely day and just wanted to relax and have a peaceful time at home. But my brother started shouting and slamming doors, which made the environment in the house really bad. I don't talk to him, so there was nothing I could do except stay in my room until he finished having his tantrum. The situation left me feeling really upset because all I wanted was some peace. I was also pretty angry at him for disturbing my peace. I ended up calling my mum to complain about his behavior, and I guess he heard me on the phone because he soon stopped.",False,1.0,0.0,0.0,0.0,0.0,0.0,0.19982905982905982,0.19783712264458658,0.2969730584975594,-0.0019919371844732414,0.09714399866849957,0.020098039215686276,0.02151709345470448,0.05430579337273049,0.001419054239018204,0.03420775415704422,0.15373382173382172,0.1428845123719662,0.2163764141465868,-0.01084930936185552,0.06264259241276507,0.8803626537322998,0.8747103857994079,0.8892378330230712,-0.0056522679328919745,0.008875179290771418
5ff07b5ee7a1d23e719e421e_20260227_145116_69a1ad7e,"I went and sat with my baby brother, who is 64, while he had his chemo treatment. I'm very sad that he has to go through this, and it doesn't look like his chances are very good, but he's a fighter. I sat with him for 2 hours, and he and all the other chemo patients in the room were talking and having a good time joking about their situation. It was uplifting, but also sad. I was trying to give him moral support. It left me feeling sad for all the people that have to go through this type of thing. It also made me feel glad that I could be there for him, especially since his wife died a few years ago and I didn't want him to be alone. Just being there to support him was important to me.",False,1.0,0.0,0.0,0.0,0.0,0.0,0.17539405834066613,0.14966605143701922,0.2500141317788377,-0.025728006903646905,0.07462007343817156,0.046014399954466545,0.019537385382014574,0.05256317425823035,-0.02647701457245197,0.006548774303763806,0.13821217663048252,0.10303428031414599,0.1590072425366543,-0.03517789631633653,0.020795065906171778,0.8809302091598511,0.8647118759155272,0.8887208700180054,-0.016218333244323868,0.007790660858154275
600a878fa6fbbf1ba60bea36_20260307_160805_69ac4a7f,"My father had collapsed and was taken to the hospital to be checked out. I was really anxious because I didn't know what had happened or how serious his condition was. I was comforted by my boyfriend, who was very understanding of the situation and how I was feeling. I wanted to get some news from the hospital on my father's condition, but initially, I couldn't get through to other family members to find out more. It was important to me to ensure the other members of the family were OK too, especially my Mum.",False,1.0,0.0,0.004593142293076211,0.02296571146538105,0.004593142293076211,0.02296571146538105,0.22028227409647244,0.192720281140707,0.30604900102209165,-0.027561992955765446,0.08576672692561921,0.0379627246293913,0.04607556879234771,0.12016990531024652,0.008112844162956413,0.08220718068085522,0.1695681956107896,0.15558274848399317,0.2403048779322683,-0.013985447126796419,0.0707366823214787,0.8733580946922302,0.8777468204498291,0.8913560628890991,0.004388725757598855,0.01799796819686883
604075b84fd86b284480eaa9_20260301_191339_69a48e64,"I'm struggling with my financial situation due to health issues, and it's causing me a lot of stress to pay the high price of my health insurance. My partner's benefit check also got delayed, which has added more stress, making it difficult to manage. I've been feeling very sad, anxious, and stressed out trying to afford basic necessities to live, and it's caused me a lot of pain and exhaustion. I'm trying to find any way that I can to make more money and support my partner and myself. It's been a challenging road, and I need more money to feel okay. The situation has left me feeling sad, anxious, stressed, and exhausted, and I also feel some shame. It's important to me that my partner and I have enough money to survive.",False,1.0,0.0,0.0,0.0,0.0,0.0,0.21569048180008926,0.18584385042857457,0.2708702791461412,-0.029846631371514692,0.05517979734605194,0.04968885845325673,0.026095290052736857,0.07117216117216117,-0.023593568400519876,0.02148330271890444,0.1820062712737735,0.13248000342103022,0.22442491011326898,-0.04952626785274328,0.04241863883949548,0.878498637676239,0.8767333793640135,0.8895182847976685,-0.001765258312225515,0.011019647121429443
60e25008f1ecf0be303353bb_20260228_165505_69a31c2f,My first son moved out of the house and into his own place. I'm really excited for him because it's a great opportunity for growth. I'm feeling proud of him. I also need to make sure his mom and my other son are okay with the change and adapt well.,False,1.0,0.0,0.0005475805686275074,0.0027379028431375367,0.0005475805686275074,0.0027379028431375367,0.13885077435229407,0.18950980897275216,0.2810041529014906,0.05065903462045809,0.14215337854919655,0.02615769712140175,0.03359734145237177,0.08300472721525354,0.0074396443309700175,0.05684703009385179,0.11354465190331453,0.1434565037264079,0.21204841865091084,0.02991185182309336,0.09850376674759631,0.873347818851471,0.8741532492637635,0.8876755714416504,0.0008054304122925293,0.014327752590179488
60e85190b9cffd8fed0a064f_20260306_144837_69aae582,"My dad has prostate cancer and recently had his yearly blood test. The results came back, and unfortunately, his condition had worsened. He was supposed to receive a phone call from his doctor on a specific day to discuss the results, but the call never came. I was really worried about what would happen next and was hoping for some clarity and communication from the doctor regarding my dad's condition. The situation left me feeling annoyed and still worrying, which could have been avoided if the doctor had called as planned. Since it's cancer, time is always crucial. The quicker they act, the better the chances of it being able to be helped.",True,1.0,0.0,0.003984702931870672,0.019923514659353363,0.003984702931870672,0.019923514659353363,0.15836528267399058,0.18924296676587954,0.2618988725427236,0.030877684091888957,0.10353358986873301,0.03422764651680314,0.03235997654144732,0.08599642605456559,-0.0018676699753558193,0.05176877953776245,0.1221515233518071,0.1556157989224032,0.2189029265723593,0.033464275570596114,0.0967514032205522,0.856091046333313,0.8698403334617615,0.885662829875946,0.013749287128448473,0.029571783542633012
62f18c2d37a5f255f351b61d_20260301_155946_69a45f74,"My father died, and it was a moment that brought up a lot of emotions for me. We had a very complicated relationship over the years, and I found myself wanting answers that nobody could really give me—not even him. Sometimes, I felt almost void of anything, and then there would be a rush of sadness or a rush of joy. What mattered most to me was that at the end of his life, I forgave him, and we had the relationship that we deserved.",True,1.0,0.0,0.0,0.0,0.0,0.0,0.21374283642915687,0.17264932847049,0.2577122457021532,-0.04109350795866687,0.04396940927299631,0.026451792164490135,0.030565160272056767,0.09301326353957932,0.004113368107566632,0.06656147137508919,0.16075622101796508,0.13201216385643283,0.2055983946409337,-0.02874405716153225,0.044842173622968634,0.8654016137123108,0.8732913160324097,0.8842380285263062,0.00788970232009889,0.01883641481399534
63cedafa29d08471b828a96a_20260220_193701_6998b4d4,"A group of men came to stay in our village from London, and they were trying to break into cars and houses, which was really intimidating for the residents. This was very scary because things like this don't usually happen around here. I needed to go to the shop, but I knew they were hanging around there, so I decided to go without and stayed at home instead. I also stayed up late, feeling scared in case they tried to break into my home. Living on my own, I felt scared and lonely. This whole situation made me realize I need to make plans, just in case scary things like this ever happen again.",False,1.0,0.0,0.0,0.0,0.0,0.0,0.19746751037626725,0.1901441923591679,0.25789590291040654,-0.007323318017099345,0.060428392534139286,0.01773739995673805,0.015428144229881318,0.051181677598250944,-0.0023092557268567324,0.03344427764151289,0.13165305844730218,0.13436462776525743,0.17010079084313615,0.0027115693179552425,0.03844773239583396,0.8794004321098328,0.8793365669250488,0.8862196922302246,-6.386518478396219e-05,0.006819260120391801
643ebfff661435ecda5a3580_20260228_190856_69a33952_c5,"A dear friend of mine had a terrible accident where she fell and broke her neck in two places, along with her tailbone, hip, and pelvis. She also has COPD, and the hospital overdosed her twice, making her oxygen levels very bad and hard to control. I've been following her situation closely and talking to her, but she's not out of the woods yet. I sent her a bear that says 'I f...... love you,' which is a good support for her neck and cheers her up. It's tough because I live in Michigan and she lives in Oklahoma, so I can't see her in person. I have COPD too, so I guess I'm more worried about the pain she's going through and the unstable oxygen levels she's experiencing, along with her lungs filling up. I just don't want her to be in pain.",True,1.0,0.0,0.0037006399122785786,0.018503199561392892,0.0037006399122785786,0.018503199561392892,0.1956326960038519,0.1704772621149518,0.2722036316086659,-0.025155433888900125,0.07657093560481398,0.030274375933432896,0.021423174850214877,0.05777363184079602,-0.008851201083218019,0.027499255907363126,0.16094432351060134,0.13513645813431402,0.19389333016335303,-0.02580786537628732,0.03294900665275169,0.8646366596221924,0.8729127407073974,0.8882790923118591,0.008276081085205056,0.023642432689666704
648a30a2847ab1c5fa5785f8_20260309_203417_69af2ada,"I volunteer at a pony charity that helps young people with learning disabilities experience riding. Recently, someone cut the fences, and the ponies escaped. We managed to retrieve them, but they had puncture wounds and were clearly traumatized. Now, the ponies need time to rest and heal, which means the children are missing out on this valuable experience. We have to cover the vet bills and repair the fences, so we've all come together to help the ponies recover and fix the damage. It's really sad to see the ponies and the children affected like this, but I'm relieved it wasn't worse, like a car accident involving the loose ponies.",True,1.0,0.0,0.0,0.0,0.0,0.0,0.10650867616384858,0.15864279478440196,0.24970483684956207,0.05213411862055338,0.1431961606857135,0.02212121212121212,0.02071964570620435,0.05986381255915936,-0.0014015664150077711,0.037742600437947235,0.09698486664003905,0.12381578348977348,0.1965148994404148,0.026830916849734432,0.09953003280037576,0.8597127556800842,0.8690538215637208,0.8777050375938416,0.00934106588363659,0.017992281913757346
64a80dd34fd0539ee3761e6a_20260226_161245_69a06ec1,"I visited my daughter's house and saw the grandkids. We hugged, and I noticed how quickly they are growing up. I wanted to spend time with my family and feel connected, and I also wanted to see the kids and catch up. I felt happy and a little sad at the same time, which I don't know why. I also felt content and a bit aware of how fast time is passing. I don't take these moments for granted. I want to be present when I'm with them.",True,1.0,0.0,0.0,0.0,0.0,0.0,0.14632200759479302,0.19554921309407808,0.27746003939566644,0.049227205499285054,0.1311380318008734,0.02568627450980392,0.0367035193964569,0.06311800912722154,0.01101724488665298,0.037431734617417625,0.11012117612693244,0.1465889859607454,0.19739007215572008,0.03646780983381297,0.08726889602878764,0.8651873826980591,0.8751540374755858,0.890509569644928,0.009966654777526784,0.02532218694686894
652c5f38cf13042034313b91_20260226_204758_69a0addb,"I got into a disagreement with my boss at work. We had different views on why we weren't hitting our numbers or getting the results we wanted. I was trying to explain things from my point of view, hoping he'd understand that we were short-staffed during certain times and overstaffed when it wasn't necessary. I suggested changing the scheduling, but he didn't like that idea. It made me feel upset and angry because I really wanted him to see my perspective, but he didn't take me seriously. What's important to me is that I held my ground. Normally, I cave in and just accept things, but this time I was much more direct.",False,1.0,0.0,0.0,0.0,0.0,0.0,0.1609630891983833,0.19033680210506967,0.265826343640345,0.02937371290668636,0.1048632544419617,0.023117842524850607,0.036426978914186586,0.09367043628723273,0.01330913638933598,0.07055259376238213,0.12324303147832558,0.14739148385112513,0.2074666114027816,0.024148452372799556,0.08422357992445603,0.8714324593544006,0.8827817440032959,0.8931996464729309,0.011349284648895286,0.021767187118530318
655fb104e3d55d460e274ddf_20260228_215919_69a362e2,"One of my roommates ate my food, and this time it was my entire box of Quaker oatmeal. I wanted to take that particular food to work because it's easy to just heat up and go. I was upset and ended up being hangry since I didn't have money to buy food. I have a lot of roommates, and I was frustrated because they could have just asked for some instead of stealing.",True,1.0,0.0,0.0,0.0,0.0,0.0,0.16959220181811546,0.19394061705645402,0.2951824166124067,0.024348415238338555,0.12559021479429122,0.01826673585884795,0.024609874679521613,0.0641802641802642,0.006343138820673663,0.04591352832141624,0.13142881481751917,0.14426154503719477,0.2227442797229897,0.012832730219675598,0.09131546490547054,0.8685290098190308,0.8721990418434145,0.8947858810424805,0.0036700320243836515,0.026256871223449663
65e6edd1a876f1d8487f379b_20260305_231620_69aa0cf4,"A friend that I had a falling out with a couple of years ago just recently contacted me, and I haven't responded to him yet. I just want to know if he's in a good place and if he's wanting to change from how he was before when our friendship ended. The whole situation is mostly negative for me; it's stressful and causes me anxiety. I'm worried about how I will be personally judged after making no life progress in the last couple of years since we last talked. I feel embarrassed.",False,1.0,0.0,0.0034341821638896944,0.017170910819448472,0.0034341821638896944,0.017170910819448472,0.17380434284594926,0.12848153745162116,0.1923041337154714,-0.04532280539432809,0.018499790869522137,0.007017543859649122,0.020145770267721484,0.049338624338624334,0.013128226408072362,0.04232108047897521,0.11936679498690299,0.10536061438751938,0.15987375707456844,-0.014006180599383605,0.04050696208766545,0.8729697227478027,0.872741265296936,0.8813322424888611,-0.00022845745086674807,0.008362519741058394
6631dd70c1393b01137d8453_20260228_163013_69a31305,"I was informed that I had received a promotion at work, which meant I would be working my last week at the store I was currently at. I was trying to improve my standing in the organization with this promotion, and I needed positive reinforcement from my employees and peers. Overall, I felt positive about the promotion, but it was also bittersweet because I had grown close to a lot of the employees at my old location, and I will miss them. It was important to me to receive validation from my former employees that they enjoyed working with me and felt I did a good job.",True,1.0,0.0,0.014471796397070977,0.042902556537105646,0.014471796397070977,0.042902556537105646,0.19999461368124966,0.18446024739716932,0.2617773944052683,-0.015534366284080336,0.06178278072401866,0.02214948172394981,0.03845194483785105,0.08467995796354007,0.01630246311390124,0.06253047623959027,0.15260159195643067,0.15092719180102845,0.2161182175414084,-0.0016744001554022114,0.06351662558497773,0.8617637753486633,0.8765643095970154,0.8937585592269898,0.014800534248352037,0.03199478387832644
66597efb84cb793eeaa06ef8_20260226_200652_69a0a2d3,"Yesterday, my father was diagnosed with lymphatic cancer, and it was quite emotional for me. He had been suffering for six months, and it felt like things had come to an end with the diagnosis. I wanted to feel relief because we did not know what was wrong with him. I had a cocktail of emotions. Firstly, I was angry that the diagnosis took so long, then stressed that he now faces a long period of treatment, and tired because this has been mentally exhausting. It was important to me to talk to the consultant to determine his treatment programme.",False,1.0,0.0,0.0,0.0,0.0,0.0,0.1794035394094425,0.1452923191097004,0.2505911949685535,-0.03411122029974212,0.07118765555911097,0.01509433962264151,0.012343187105350616,0.04868627450980392,-0.002751152517290894,0.03359193488716242,0.13156737768644844,0.11160805379087983,0.2019667795516852,-0.019959323895568606,0.07039940186523677,0.8745595932006835,0.8653872966766357,0.8827389001846313,-0.00917229652404783,0.008179306983947754
665c738a0fa99b0a682780f2_20260305_225050_69aa0631,"My 20-year-old cat broke her tooth and has been in a lot of pain while we wait for our veterinarian appointment. I really needed her not to be in pain and to start eating and drinking again. I've had to force feed her for the last two days. It feels like I'm the one with a broken tooth because I love my cat so much, and it hurts me when she's in pain. It's all I can think about. On top of that, my wife hasn't been supportive and suggested putting the cat down instead of fixing its tooth. I've known this cat longer than I've known my wife.",True,1.0,0.0,0.0,0.0,0.0,0.0,0.23896177896177898,0.14275452417112083,0.24935275251064723,-0.09620725479065814,0.010390973548868254,0.01953976034858388,0.014602414188562373,0.0547581026888436,-0.004937346160021507,0.03521834234025972,0.15364080364080362,0.1073698569302409,0.16775466020048063,-0.04627094671056273,0.014113856559677007,0.8684309720993042,0.8627730584144592,0.8748032093048096,-0.0056579136848450284,0.006372237205505393
669677d986a5a20026bbf20e_20260228_134651_69a2ef80,"My daughter, who has had her struggles with mental health, made me feel very proud this week. She managed the demands of her new job while also looking after her boyfriend, who is ill. I was just observing how proud I was of her development. I felt very proud of her and wanted to convey this to her without being patronizing. It's important that she knows how proud I am of her, especially since she often feels her brother is 'more impressive.'",False,1.0,0.0,0.0,0.0,0.0,0.0,0.13327291298030583,0.1478721157338995,0.22287223422843824,0.014599202753593665,0.08959932124813241,0.01603174603174603,0.016675937336469986,0.059330172977663784,0.0006441913047239567,0.043298426945917755,0.10840849912965919,0.11585410932850163,0.16695081075938184,0.007445610198842434,0.05854231162972265,0.8751822233200073,0.8724232721328734,0.8846136689186096,-0.0027589511871338734,0.009431445598602317
66a426bcd6c66d59e395617b_20260302_155945_69a5b18a,"A close family member, my cousin, passed away, and I was unable to attend the funeral because I was sick. I really wanted to be there, but my illness kept me from going. Not being able to attend made me feel guilty, like I should have gone anyways despite being sick, and I felt selfish for not being there.",False,1.0,0.0,0.016422325518084188,0.03793101694150578,0.016422325518084188,0.03793101694150578,0.15865231835909288,0.2073656769466734,0.3037294985183323,0.048713358587580524,0.14507718015923943,0.03625256260418064,0.04876745143569213,0.10109646743379412,0.012514888831511493,0.06484390482961348,0.12546391256199144,0.1848456035354428,0.2800380510546884,0.05938169097345136,0.15457413849269694,0.8699723482131958,0.8838154292106628,0.8979172229766845,0.013843080997467005,0.027944874763488725
66c5e966b2fe5aaf2cb5c393_20260228_142438_69a2f75c,"A family member had to go to the hospital, but they had to go on their own because there was nobody available to accompany them at the time. I really wanted to be there with them to provide some emotional support and try to take some of the stress away so they could just concentrate on getting the medical attention they needed. Being over 100 miles away left me feeling helpless because I couldn't provide any of these things. What was important to me was that they received the medical attention they needed and that it made the situation better. Thankfully, once they got the medical attention, they started to feel better.",False,1.0,0.0,0.0,0.0,0.0,0.0,0.1698222789051564,0.21287952544296224,0.3039624568475091,0.04305724653780585,0.13414017794235272,0.02920664701152506,0.02719222234009435,0.06349528584989803,-0.0020144246714307104,0.034288638838372965,0.1400054371878172,0.15033115822261375,0.19896872761995704,0.010325721034796564,0.05896329043213985,0.882120144367218,0.8804062962532043,0.8951256513595581,-0.0017138481140136497,0.013005506992340155
66cb2e0bd2169db778550269_20260228_180328_69a32c85,"I had an argument with a close friend. I wanted to go somewhere with her, but she told me she was sick. Now, she's begging to meet up on a day when I'm really busy, and it's annoying me. I just want her to respect my time as much as I respect hers.",False,1.0,0.0,0.0042405269739124824,0.021202634869562413,0.0042405269739124824,0.021202634869562413,0.17856709140430072,0.2215580482269639,0.2947631226403605,0.042990956822663184,0.11619603123605976,0.029651162790697676,0.03207796456706247,0.0812457920172435,0.002426801776364791,0.05159462922654582,0.14611991695712628,0.16910991104472667,0.25915804002760523,0.022989994087600385,0.11303812307047895,0.8827817559242248,0.8726656150817871,0.8891518235206604,-0.010116140842437726,0.006370067596435547
671875576b2020e109fe82cd_20260308_160043_69ad9840,"Scenario: I went to a party with my spouse, and he ended up dancing with someone who has been a concern in our relationship. Initially, this affected me negatively because he did not seem to understand my feelings. I wanted him to acknowledge that his actions impacted me and to empathize with my perspective, but I felt my emotions were overlooked. I did not feel appreciated in the relationship. However, upon reflection, I realized that true happiness comes from within, and I have decided to focus on my own happiness. I am feeling better now and am committed to nurturing my own well-being.",False,1.0,0.0,0.0,0.0,0.0,0.0,0.1858922752539774,0.17556901126150656,0.23661828367710722,-0.010323263992470827,0.050726008423129826,0.03574423480083858,0.024196974789702903,0.05089133089133089,-0.01154726001113568,0.015147096090492307,0.15680136616306828,0.15314756952577968,0.20719196769616938,-0.0036537966372885977,0.0503906015331011,0.8848668098449707,0.8771431183815002,0.8906055569648743,-0.007723691463470517,0.005738747119903631
676e6f5eb2e5690f74382e58_20260226_150813_69a06015,"I was worrying about my son accidentally hurting himself when he used a razor to trim his eyebrow. I found out after and he was fine, but I imagined how easily he could have accidentally hurt himself. I wanted to feel like I could always protect my children but realized that is just not possible, so it made me upset. I was upset about it.",False,1.0,0.0,0.0,0.0,0.0,0.0,0.18709577448000475,0.14522306621921816,0.2470389621929006,-0.041872708260786595,0.05994318771289586,0.03462121212121212,0.012689783281733747,0.046431372549019606,-0.021931428839478375,0.011810160427807484,0.13578401573395316,0.11215282777856325,0.1850710509447015,-0.023631187955389904,0.04928703521074834,0.8713521361351013,0.8703101277351379,0.8862454533576966,-0.001042008399963379,0.014893317222595237
67883d53705991d641bb1743_20260307_193358_69ac7a95,"I was in my room, singing and enjoying some privacy and comfort, when my mom suddenly came in. I thought my door was still locked, so seeing her standing there in the doorway scared me almost to death. My body reacted nervously, and I felt my stomach tighten and then tear from my diaphragm down into my bladder. It left me in dire pain, and I couldn't sleep all night because my stomach kept filling up with pain and gas. My mom totally hurt me and ruined my day.",False,1.0,0.0,0.0,0.0,0.0,0.0,0.21564327903960323,0.1908080506693461,0.3153131899546994,-0.024835228370257117,0.0996699109150962,0.02562666766883386,0.03247595714661447,0.08598400725177249,0.006849289477780612,0.06035733958293864,0.16774591624559038,0.15890401088349065,0.2720603924377509,-0.008841905362099722,0.1043144761921605,0.8823112487792969,0.8749344611167909,0.8969644188880921,-0.007376787662506046,0.014653170108795188
67a5c743b431ff0a1160ed28_20260227_152718_69a1b6be,"My mum is buying things for my sister, and not for me, because I earn more money. I just want to be treated fairly. I don't see why she should get money because she has two kids, and then still get to buy luxuries, whilst I have to save for my things. It leaves me feeling like I am expected to be more independent, and I don't matter because I don't have children. I just don't think I'm being treated fairly.",True,1.0,0.0,0.0,0.0,0.0,0.0,0.23287118430325285,0.2033309938264233,0.2891799314585075,-0.029540190476829542,0.05630874715525466,0.03418803418803419,0.04156408085860852,0.08646354164776582,0.007376046670574329,0.05227550745973163,0.19478364221571076,0.16091166038057464,0.2349099743787416,-0.03387198183513612,0.040126332163030826,0.8669328451156616,0.8741489911079408,0.889584767818451,0.007216145992279155,0.022651922702789373
6978c3a72db1c98638d31aa7_20260220_162406_6998894c,"The other day, I sent an email to a few of my managers asking for more hours. I thought it was a really good email and I laid out a few points about how I could use this extra time. That was Tuesday, and I haven't heard anything back. I was trying to get more hours at work because otherwise, I will have to look for another job. I'm upset and kind of feel rejected or overlooked. The situation left me feeling dejected. The fact that I feel overlooked and ignored is important to me.",False,1.0,0.0,0.0,0.0,0.0,0.0,0.2755072463768116,0.1694990843794773,0.25498804252643653,-0.10600816199733432,-0.02051920385037509,0.05611218568665377,0.014389281129653403,0.04902973898160034,-0.04172290455700037,-0.0070824467050534315,0.20626737651582375,0.14088378742082538,0.20307681720693202,-0.06538358909499836,-0.0031905593088917272,0.8937309861183167,0.8812151050567627,0.8976107835769653,-0.01251588106155399,0.0038797974586486372
