sample_id,dimension,annotator_id,third_person_reference,bleu,rouge-1,rouge-2,rouge-l,bertscore
60e85190b9cffd8fed0a064f_20260306_144837_69aae582,relevance,5cd9cdd636e33f00194cb6d6,"This event mattered a lot to me as we are talking about my dad's health where time matters, and the doctor didn’t even have the decency to call us to discuss the next steps and instead let us to overthink everything on our own.",0.0,0.16470588235294117,0.0,0.11764705882352941,0.8533791303634644
60e85190b9cffd8fed0a064f_20260306_144837_69aae582,relevance,631755de69157e27c295a340,This really mattered to me as I should be informed by doctors with this specific update as it's very important; the call should have been made no matter what.,0.0,0.14492753623188406,0.0,0.11594202898550725,0.8463530540466309
60e85190b9cffd8fed0a064f_20260306_144837_69aae582,relevance,63e53d570132a56f38a678ee,"It was very upsetting. Not just because of waiting for the news, but because the issue is timely.",0.0,0.17543859649122806,0.03636363636363636,0.10526315789473684,0.872319221496582
60e85190b9cffd8fed0a064f_20260306_144837_69aae582,relevance,672bb2f4838ef2ebdebe51c2,This event is of utmost importance to me because the person in question is my father and it will be emotionally draining for me as a person. I would try my best to be with him to the very end and remind him that he is a warrior and will always be my hero.,0.0,0.15053763440860213,0.0,0.10752688172043011,0.8478246331214905
60e85190b9cffd8fed0a064f_20260306_144837_69aae582,relevance,67e0870d582edce0a2764d1f,This matters to me because it relates to my dad's health and the future of our family. It also matters a lot because it is time sensitive.,0.0,0.1791044776119403,0.0,0.11940298507462686,0.8643484115600586
60e85190b9cffd8fed0a064f_20260306_144837_69aae582,congruence,5cd9cdd636e33f00194cb6d6,It hurt me so much because these are people we’re supposed to trust and they didn’t have the urgency to want to call us despite it being as serious as cancer.,0.0,0.2033898305084746,0.03508771929824561,0.2033898305084746,0.8666579723358154
60e85190b9cffd8fed0a064f_20260306_144837_69aae582,congruence,631755de69157e27c295a340,It was important as I should know about my dad's updated results as it's a serious matter; this situation hurt me emotionally.,0.0,0.24000000000000002,0.0,0.12000000000000001,0.8762320280075073
60e85190b9cffd8fed0a064f_20260306_144837_69aae582,congruence,63e53d570132a56f38a678ee,It hurt me because I am loosing time.,0.0,0.23529411764705882,0.0625,0.23529411764705882,0.8821138143539429
60e85190b9cffd8fed0a064f_20260306_144837_69aae582,congruence,672bb2f4838ef2ebdebe51c2,"It will hurt me in the sense that I feel what he is going through and on the other side, it will also prepare my mind that anything can happen to anybody at anytime.",0.0,0.20000000000000004,0.0,0.20000000000000004,0.8599724769592285
60e85190b9cffd8fed0a064f_20260306_144837_69aae582,congruence,67e0870d582edce0a2764d1f,The situation hurt me because I did not receive any communication about the way forward. All I know is that the results are not good and that's it. I am now more anxious and more confused and I only wish the call comes through.,0.0,0.19718309859154928,0.028985507246376812,0.1408450704225352,0.8681992292404175
60e85190b9cffd8fed0a064f_20260306_144837_69aae582,accountability,5cd9cdd636e33f00194cb6d6,The cancer is out of our control but the doctor had the responsibility to phone us and talk to us about the results so they are responsible for not doing this.,0.0,0.2153846153846154,0.03174603174603175,0.15384615384615385,0.8698837757110596
60e85190b9cffd8fed0a064f_20260306_144837_69aae582,accountability,631755de69157e27c295a340,I feel the doctor was most responsible for not calling me.,0.0,0.22222222222222224,0.0930232558139535,0.22222222222222224,0.8945810794830322
60e85190b9cffd8fed0a064f_20260306_144837_69aae582,accountability,63e53d570132a56f38a678ee,The doctor.,0.0,0.1111111111111111,0.05882352941176471,0.1111111111111111,0.8762116432189941
60e85190b9cffd8fed0a064f_20260306_144837_69aae582,accountability,672bb2f4838ef2ebdebe51c2,I can not really apportion blames here as no one is really at fault.,0.0,0.0,0.0,0.0,0.8431504368782043
60e85190b9cffd8fed0a064f_20260306_144837_69aae582,accountability,67e0870d582edce0a2764d1f,"No one is responsible for the health situation, but the failure of the doctor to make the call as agreed sort of creates responsibility over my anxiety.",0.0,0.29508196721311475,0.03389830508474576,0.19672131147540983,0.8716144561767578
60e85190b9cffd8fed0a064f_20260306_144837_69aae582,control,5cd9cdd636e33f00194cb6d6,"No, as we are not medical professionals so I was waiting on the doctor to call us so they are in total control over this.",0.0,0.1923076923076923,0.0,0.15384615384615383,0.8682461977005005
60e85190b9cffd8fed0a064f_20260306_144837_69aae582,control,631755de69157e27c295a340,"No, as I was told to wait for a call so I can't do much else.",0.0,0.27272727272727276,0.09523809523809525,0.22727272727272727,0.8787772059440613
60e85190b9cffd8fed0a064f_20260306_144837_69aae582,control,63e53d570132a56f38a678ee,Not at all. I was waiting for someone to respond.,0.0,0.21621621621621623,0.05714285714285715,0.21621621621621623,0.8687776327133179
60e85190b9cffd8fed0a064f_20260306_144837_69aae582,control,672bb2f4838ef2ebdebe51c2,I did not feel in control at all.,0.0,0.05714285714285714,0.0,0.05714285714285714,0.8811984062194824
60e85190b9cffd8fed0a064f_20260306_144837_69aae582,control,67e0870d582edce0a2764d1f,I was not in any control because there was nothing I could do until the call comes. The doctor has all power in this situation.,0.0,0.07692307692307691,0.0,0.07692307692307691,0.8702264428138733
60e85190b9cffd8fed0a064f_20260306_144837_69aae582,certainty,5cd9cdd636e33f00194cb6d6,Things went unexpectedly as the phone call never came,0.0,0.163265306122449,0.0,0.163265306122449,0.86575847864151
60e85190b9cffd8fed0a064f_20260306_144837_69aae582,certainty,631755de69157e27c295a340,"No, it didn't go as expected as there was no call update for a serious update about my dad's cancer.",0.0,0.3225806451612903,0.13333333333333333,0.2903225806451613,0.8981016278266907
60e85190b9cffd8fed0a064f_20260306_144837_69aae582,certainty,63e53d570132a56f38a678ee,No. I expected to have the information to help make a more informed decision.,0.0,0.18518518518518517,0.0,0.14814814814814817,0.8643240928649902
60e85190b9cffd8fed0a064f_20260306_144837_69aae582,certainty,672bb2f4838ef2ebdebe51c2,It did not go as expected but I am expected to be with him to the very end.,0.09961757329676682,0.3103448275862069,0.14285714285714282,0.24137931034482757,0.8874778747558594
60e85190b9cffd8fed0a064f_20260306_144837_69aae582,certainty,67e0870d582edce0a2764d1f,"I expected some good news, or at the very least timely communication about the way forward, but I got none.",0.0,0.2,0.0,0.16666666666666666,0.8702790141105652
648a30a2847ab1c5fa5785f8_20260309_203417_69af2ada,relevance,5bd1f39314315c0001cf917a,It made me feel sad and angry that the ponys and the children had to suffer and having to pay for the damage.,0.0,0.23529411764705882,0.0,0.1568627450980392,0.8790114521980286
648a30a2847ab1c5fa5785f8_20260309_203417_69af2ada,relevance,5cf5497696cde00015bc3ce7,"It matters a lot, it is a traumatic event and very sad.",0.0,0.1,0.0,0.1,0.8830934166908264
648a30a2847ab1c5fa5785f8_20260309_203417_69af2ada,relevance,5e35373e1ddb124e6c306747,The event is really sad. I care a lot about the wellbeing of the animals but I also know the long term effects and how it will affect the young people we support. We will have a lot of people we cannot help and a lot of people missing their usual riding time. I just hope we can get back to a place where the ponies are happy and healthy and can start helping the children again.,0.0,0.11428571428571428,0.0,0.09523809523809523,0.869255006313324
648a30a2847ab1c5fa5785f8_20260309_203417_69af2ada,relevance,6151e479b4ee16668948c7f2,I would feel very sorry for ponies who got hurt and for disabled children who will miss fun and learning experience with ponies.,0.0,0.1568627450980392,0.0,0.11764705882352941,0.8725504279136658
648a30a2847ab1c5fa5785f8_20260309_203417_69af2ada,relevance,6769cb4f6aa7227a05a25d3f,"It mattered a lot. I care deeply about the ponies and the children we support, so seeing both affected by this was really upsetting. The charity means a great deal to me. It hard not to feel it personally.",0.0,0.29850746268656714,0.06153846153846154,0.208955223880597,0.8882602453231812
648a30a2847ab1c5fa5785f8_20260309_203417_69af2ada,congruence,5bd1f39314315c0001cf917a,It made me feel sad and angry.,0.0,0.2285714285714286,0.06060606060606061,0.17142857142857143,0.8781959414482117
648a30a2847ab1c5fa5785f8_20260309_203417_69af2ada,congruence,5cf5497696cde00015bc3ce7,"This situation has hurt me, it has hindered my ability to help people.",0.0,0.1951219512195122,0.0,0.14634146341463414,0.8792032599449158
648a30a2847ab1c5fa5785f8_20260309_203417_69af2ada,congruence,5e35373e1ddb124e6c306747,"The situation hasn't necessarily hurt me personally, apart from the worry and distress of seeing the trauma it has and will cause. There was a lot of relief that at least none of the ponies were killed or more seriously hurt though.",0.0,0.25352112676056343,0.057971014492753624,0.16901408450704225,0.8792026042938232
648a30a2847ab1c5fa5785f8_20260309_203417_69af2ada,congruence,6151e479b4ee16668948c7f2,This situation made me feel sad and wondering how this could possibly happen?,0.0,0.14634146341463414,0.05128205128205128,0.0975609756097561,0.8673672676086426
648a30a2847ab1c5fa5785f8_20260309_203417_69af2ada,congruence,6769cb4f6aa7227a05a25d3f,"It was hard to see. Watching the ponies hurt and knowing the children were missing out on something that means so much to them, that stung. On top of that, the cost and repairs added a layer of stress that was not easy to carry.",0.0,0.2191780821917808,0.028169014084507043,0.1917808219178082,0.8791011571884155
648a30a2847ab1c5fa5785f8_20260309_203417_69af2ada,accountability,5bd1f39314315c0001cf917a,Whoever cut the fences.,0.0,0.0625,0.0,0.0625,0.8797286152839661
648a30a2847ab1c5fa5785f8_20260309_203417_69af2ada,accountability,5cf5497696cde00015bc3ce7,The most responsible is the person/persons who cut the fence.,0.0,0.30769230769230765,0.10810810810810811,0.25641025641025644,0.8789938688278198
648a30a2847ab1c5fa5785f8_20260309_203417_69af2ada,accountability,5e35373e1ddb124e6c306747,"I think 99.9% of the responsibility lies with whatever person, or people, decided to commit such a horrible act. I wonder if the charity could have done more to prevent it with better security. It's sad to think that way but maybe they should have anticipated that this could happen.",0.0,0.1,0.0,0.1,0.8641695380210876
648a30a2847ab1c5fa5785f8_20260309_203417_69af2ada,accountability,6151e479b4ee16668948c7f2,May be the fence was not strong enough? Or insufficient supervision of the animals?,0.0,0.19047619047619047,0.05,0.14285714285714285,0.8610758781433105
648a30a2847ab1c5fa5785f8_20260309_203417_69af2ada,accountability,6769cb4f6aa7227a05a25d3f,Whoever cut those fences carries the most responsibility for this. That one action set everything else in motion.,0.0,0.13043478260869565,0.0,0.13043478260869565,0.8811894059181213
648a30a2847ab1c5fa5785f8_20260309_203417_69af2ada,control,5bd1f39314315c0001cf917a,No not in control.,0.0,0.07407407407407408,0.0,0.07407407407407408,0.8575040698051453
648a30a2847ab1c5fa5785f8_20260309_203417_69af2ada,control,5cf5497696cde00015bc3ce7,"No, not in control",0.0,0.07407407407407408,0.0,0.07407407407407408,0.8448876142501831
648a30a2847ab1c5fa5785f8_20260309_203417_69af2ada,control,5e35373e1ddb124e6c306747,"I felt completely out of control, especially knowing there's nothing we can do to speed up recovery. It's hard knowing that the only way to get back to where we were is to allow time and care to work their magic.",0.0,0.15151515151515152,0.03125,0.15151515151515152,0.8621975779533386
648a30a2847ab1c5fa5785f8_20260309_203417_69af2ada,control,6151e479b4ee16668948c7f2,I do not feel like I am in control of situation if I could not prevent of what happened.,0.0,0.14285714285714288,0.0,0.09523809523809525,0.872161865234375
648a30a2847ab1c5fa5785f8_20260309_203417_69af2ada,control,6769cb4f6aa7227a05a25d3f,I did not feel fully in control. The situation was caused by someone else and we had to react quickly but I felt some control in helping retrieve he ponies.,0.0,0.15094339622641512,0.0392156862745098,0.11320754716981132,0.8788480162620544
648a30a2847ab1c5fa5785f8_20260309_203417_69af2ada,certainty,5bd1f39314315c0001cf917a,Luckily we found the ponys.,0.0,0.05555555555555555,0.0,0.05555555555555555,0.8608466982841492
648a30a2847ab1c5fa5785f8_20260309_203417_69af2ada,certainty,5cf5497696cde00015bc3ce7,It was unexpected,0.0,0.0,0.0,0.0,0.8447012305259705
648a30a2847ab1c5fa5785f8_20260309_203417_69af2ada,certainty,5e35373e1ddb124e6c306747,I would never have expected this would happen. I was surprised there wasn't more harm done but equally surprised that anyone would even think about doing this to innocent animals and affect the work of the charity.,0.0,0.23188405797101447,0.029850746268656716,0.17391304347826086,0.8534100651741028
648a30a2847ab1c5fa5785f8_20260309_203417_69af2ada,certainty,6151e479b4ee16668948c7f2,Of course things did not go as expected. Apparently nobody expect the ponies run away and get hurt.   But I happy that the children did not get hurt,0.0,0.23728813559322032,0.0,0.10169491525423728,0.8610242605209351
648a30a2847ab1c5fa5785f8_20260309_203417_69af2ada,certainty,6769cb4f6aa7227a05a25d3f,"It was not something I could have prevented. Someone else made that happen. But once it did, I was not just standing by either.",0.0,0.10909090909090909,0.0,0.10909090909090909,0.8503660559654236
6631dd70c1393b01137d8453_20260228_163013_69a31305,relevance,5ba0df3c9c31af0001ff7795,The event mattered to me because I was happy because of the promotion.,0.0,0.24390243902439027,0.0,0.14634146341463414,0.8776795864105225
6631dd70c1393b01137d8453_20260228_163013_69a31305,relevance,5e7e1679f8a96f4be83e51e4,"The event mattered to me because I felt happy to have received the promotion, but I also felt like I was going to miss the team I was part of. I was curious if they felt the same way about me.",0.0,0.14492753623188406,0.0,0.14492753623188406,0.8768895864486694
6631dd70c1393b01137d8453_20260228_163013_69a31305,relevance,613dd5fb512aabe8d5d32393,This event matters a lot to me because I'm all for career progression and getting a promotion is everything I've worked towards. Even if it's a little sad because I will miss all my former employees.,0.0,0.14925373134328357,0.0,0.08955223880597014,0.8778054118156433
6631dd70c1393b01137d8453_20260228_163013_69a31305,relevance,62d6e05aa6e29b6019d107f3,It mattered a lot to me. I had been there a long time and although I am happy to have the promotion I'm also sad to leave my colleagues.,0.0,0.20689655172413796,0.03571428571428571,0.17241379310344826,0.8868171572685242
6631dd70c1393b01137d8453_20260228_163013_69a31305,relevance,6658c1554c1d2a4e2d02e301,"Quite a lot, it will change my working life.",0.0,0.10810810810810811,0.0,0.10810810810810811,0.8583064079284668
6631dd70c1393b01137d8453_20260228_163013_69a31305,congruence,5ba0df3c9c31af0001ff7795,It helped me because I would be more successful.,0.0,0.058823529411764705,0.0,0.058823529411764705,0.8676022887229919
6631dd70c1393b01137d8453_20260228_163013_69a31305,congruence,5e7e1679f8a96f4be83e51e4,"It mostly helped me a lot, but I felt insecure about whether I would fit in with the new team.",0.0,0.22222222222222224,0.0,0.08888888888888889,0.8867069482803345
6631dd70c1393b01137d8453_20260228_163013_69a31305,congruence,613dd5fb512aabe8d5d32393,"This situation has helped me get to a place where I will receive more money from the promotion and more benefits, which will help me and my family more than ever as the price of everything is going up more than I could earn.",0.0,0.2318840579710145,0.029850746268656712,0.14492753623188406,0.8619150519371033
6631dd70c1393b01137d8453_20260228_163013_69a31305,congruence,62d6e05aa6e29b6019d107f3,Both. It has helped my career progress but also I will be losing some great friends.,0.0,0.09756097560975609,0.0,0.09756097560975609,0.880365788936615
6631dd70c1393b01137d8453_20260228_163013_69a31305,congruence,6658c1554c1d2a4e2d02e301,It helps me financially. Negative as will miss coworkers.,0.0,0.058823529411764705,0.0,0.058823529411764705,0.8626052737236023
6631dd70c1393b01137d8453_20260228_163013_69a31305,accountability,5ba0df3c9c31af0001ff7795,I was responsible.,0.0,0.12903225806451613,0.0,0.12903225806451613,0.8893072605133057
6631dd70c1393b01137d8453_20260228_163013_69a31305,accountability,5e7e1679f8a96f4be83e51e4,I was responsible. I had these feelings of insecurity.,0.0,0.10810810810810811,0.0,0.10810810810810811,0.8909968137741089
6631dd70c1393b01137d8453_20260228_163013_69a31305,accountability,613dd5fb512aabe8d5d32393,"I feel I am most responsible for what has happened as I put in a lot of extra hours and work in order for the company to notice me, and also the company is partly responsible for noticing me.",0.0,0.208955223880597,0.06153846153846154,0.14925373134328357,0.8905856013298035
6631dd70c1393b01137d8453_20260228_163013_69a31305,accountability,62d6e05aa6e29b6019d107f3,Myself for proving I am worthy of the promotion.,0.0,0.21621621621621623,0.0,0.10810810810810811,0.8791438341140747
6631dd70c1393b01137d8453_20260228_163013_69a31305,accountability,6658c1554c1d2a4e2d02e301,I'm responsible for my work effort but bosses responsible for offering opportunity.,0.0,0.24390243902439027,0.0,0.24390243902439027,0.872460126876831
6631dd70c1393b01137d8453_20260228_163013_69a31305,control,5ba0df3c9c31af0001ff7795,"Yes, I felt in control.",0.1472821272412462,0.3448275862068966,0.29629629629629634,0.3448275862068966,0.9337692260742188
6631dd70c1393b01137d8453_20260228_163013_69a31305,control,5e7e1679f8a96f4be83e51e4,"Yes, I was in control. I would have been better off talking to my team members and telling them how much I enjoyed working with them instead of looking for validation.",0.0,0.39999999999999997,0.07547169811320756,0.29090909090909095,0.8891777992248535
6631dd70c1393b01137d8453_20260228_163013_69a31305,control,613dd5fb512aabe8d5d32393,I felt in control of my actions and the effort I put into my work.,0.21451278268552823,0.4615384615384615,0.27027027027027023,0.4102564102564102,0.9102728366851807
6631dd70c1393b01137d8453_20260228_163013_69a31305,control,62d6e05aa6e29b6019d107f3,Yes as I could have turned it down had I wanted to.,0.0,0.2777777777777778,0.0588235294117647,0.2222222222222222,0.8613669276237488
6631dd70c1393b01137d8453_20260228_163013_69a31305,control,6658c1554c1d2a4e2d02e301,In control as I could choose to accept.,0.0,0.3125,0.13333333333333333,0.3125,0.8729404807090759
6631dd70c1393b01137d8453_20260228_163013_69a31305,certainty,5ba0df3c9c31af0001ff7795,It went as expected.,0.0,0.0,0.0,0.0,0.8485714197158813
6631dd70c1393b01137d8453_20260228_163013_69a31305,certainty,5e7e1679f8a96f4be83e51e4,I initially felt sad to leave my team but then I quickly forgot them.,0.0,0.08888888888888889,0.0,0.08888888888888889,0.8696790933609009
6631dd70c1393b01137d8453_20260228_163013_69a31305,certainty,613dd5fb512aabe8d5d32393,The promotion was unexpected despite working towards it as it was something I was definite about.,0.0,0.12765957446808507,0.0,0.0851063829787234,0.8514108657836914
6631dd70c1393b01137d8453_20260228_163013_69a31305,certainty,62d6e05aa6e29b6019d107f3,Yes I knew If I worked hard I could get a promotion I just didn't realise how much id miss my work friends.,0.0,0.10909090909090909,0.0,0.10909090909090909,0.8472293019294739
6631dd70c1393b01137d8453_20260228_163013_69a31305,certainty,6658c1554c1d2a4e2d02e301,Not unexpected.,0.0,0.06060606060606061,0.0,0.06060606060606061,0.8705026507377625
643ebfff661435ecda5a3580_20260228_190856_69a33952_c5,relevance,5e36be214de4516479b48f31,The event matters majorly to me because my friend is going to die.,0.0,0.1702127659574468,0.0,0.12765957446808512,0.8659787178039551
643ebfff661435ecda5a3580_20260228_190856_69a33952_c5,relevance,609140cea1442672dd2141d7,It matters to me as I don't like to see anyone ill or in pain.,0.0,0.15999999999999998,0.0,0.12,0.8777855038642883
643ebfff661435ecda5a3580_20260228_190856_69a33952_c5,relevance,65e11ac8cd47e9569ee092e8,"This matters to me because I have other people close to me whom also have COPD, and it is hard enough for them to manage day-to-day life activities without being injured.",0.0,0.17910447761194032,0.0,0.11940298507462688,0.8633107542991638
643ebfff661435ecda5a3580_20260228_190856_69a33952_c5,relevance,66a261c8cd2d7a18cbe95b9a,Very very sad I don’t like this situation at all and it matters a lot because it’s my dear friend.,0.0,0.14285714285714285,0.0,0.07142857142857142,0.8571438789367676
643ebfff661435ecda5a3580_20260228_190856_69a33952_c5,relevance,67895c8702d2c30bde3af96c,It’s a terrible situation for her with her injuries but I understand good and will try and cheer her up.,0.0,0.2545454545454545,0.0,0.18181818181818185,0.8700379729270935
643ebfff661435ecda5a3580_20260228_190856_69a33952_c5,congruence,5e36be214de4516479b48f31,It would hurt me as my friend is about to die.,0.0,0.18181818181818182,0.0,0.18181818181818182,0.8749313950538635
643ebfff661435ecda5a3580_20260228_190856_69a33952_c5,congruence,609140cea1442672dd2141d7,It hurt to see a loved one suffering.,0.0,0.0975609756097561,0.0,0.0975609756097561,0.8694180250167847
643ebfff661435ecda5a3580_20260228_190856_69a33952_c5,congruence,65e11ac8cd47e9569ee092e8,It has helped me to get a glimpse into my possible future with COPD.,0.0,0.1702127659574468,0.0,0.1276595744680851,0.8712684512138367
643ebfff661435ecda5a3580_20260228_190856_69a33952_c5,congruence,66a261c8cd2d7a18cbe95b9a,It’s hurt me that I live so far away from my friend so I can’t go and see her and but I do like the fact she likes the teddy bear I sent her.,0.0,0.34782608695652173,0.05970149253731344,0.2318840579710145,0.8876726627349854
643ebfff661435ecda5a3580_20260228_190856_69a33952_c5,congruence,67895c8702d2c30bde3af96c,It just made me feel sorry for her and I need to be a friend to help her get through this.,0.0,0.2962962962962963,0.038461538461538464,0.2222222222222222,0.8854847550392151
643ebfff661435ecda5a3580_20260228_190856_69a33952_c5,accountability,5e36be214de4516479b48f31,I blame Jesus; Jesus has his master plan.,0.0,0.05555555555555556,0.0,0.05555555555555556,0.8589094281196594
643ebfff661435ecda5a3580_20260228_190856_69a33952_c5,accountability,609140cea1442672dd2141d7,Nobody was responsible but I felt I wanted to make the situation better.,0.0,0.1951219512195122,0.05128205128205128,0.14634146341463414,0.8823040723800659
643ebfff661435ecda5a3580_20260228_190856_69a33952_c5,accountability,65e11ac8cd47e9569ee092e8,"This entire event, and me having to send that bear.",0.0,0.10526315789473682,0.0,0.10526315789473682,0.8589414358139038
643ebfff661435ecda5a3580_20260228_190856_69a33952_c5,accountability,66a261c8cd2d7a18cbe95b9a,No one’s responsible it’s just part of life.,0.0,0.21052631578947364,0.05555555555555555,0.21052631578947364,0.8821318745613098
643ebfff661435ecda5a3580_20260228_190856_69a33952_c5,accountability,67895c8702d2c30bde3af96c,It was just an accident and no one is responsible.,0.09251599780696446,0.3157894736842105,0.16666666666666666,0.21052631578947364,0.893505334854126
643ebfff661435ecda5a3580_20260228_190856_69a33952_c5,control,5e36be214de4516479b48f31,"No, I had no control at all. I feel powerless.",0.0,0.23529411764705882,0.0625,0.17647058823529413,0.9019162654876709
643ebfff661435ecda5a3580_20260228_190856_69a33952_c5,control,609140cea1442672dd2141d7,No really although I was able to try and offer comfort.,0.0,0.17142857142857143,0.0,0.17142857142857143,0.8624683022499084
643ebfff661435ecda5a3580_20260228_190856_69a33952_c5,control,65e11ac8cd47e9569ee092e8,"No, I know they will get better, however I just would rather be by the side of my friend.",0.0,0.13953488372093023,0.04878048780487805,0.13953488372093023,0.8726345896720886
643ebfff661435ecda5a3580_20260228_190856_69a33952_c5,control,66a261c8cd2d7a18cbe95b9a,I couldn’t do nothing in the situation having copd myself all I can do is offer emotional and any other kind of support I can.,0.0,0.12000000000000001,0.0,0.12000000000000001,0.8648976683616638
643ebfff661435ecda5a3580_20260228_190856_69a33952_c5,control,67895c8702d2c30bde3af96c,I felt out of control as I can’t fix her I can only support her.,0.0,0.3,0.052631578947368425,0.25,0.8941930532455444
643ebfff661435ecda5a3580_20260228_190856_69a33952_c5,certainty,5e36be214de4516479b48f31,Things did not go as expected. I thought they would have lived much longer.,0.0,0.04878048780487805,0.0,0.04878048780487805,0.8708656430244446
643ebfff661435ecda5a3580_20260228_190856_69a33952_c5,certainty,609140cea1442672dd2141d7,Seeing her in pain was unexpected.,0.0,0.06060606060606061,0.0,0.06060606060606061,0.8805156946182251
643ebfff661435ecda5a3580_20260228_190856_69a33952_c5,certainty,65e11ac8cd47e9569ee092e8,I wasn't expecting things to take a turn for the worse as it did.,0.0,0.14285714285714285,0.0,0.09523809523809523,0.8700287342071533
643ebfff661435ecda5a3580_20260228_190856_69a33952_c5,certainty,66a261c8cd2d7a18cbe95b9a,It kind of went expected no shocks or surprises really,0.0,0.10810810810810811,0.0,0.05405405405405406,0.832197368144989
643ebfff661435ecda5a3580_20260228_190856_69a33952_c5,certainty,67895c8702d2c30bde3af96c,The accident was very unexpected as it’s a terrible injury,0.0,0.05263157894736842,0.0,0.05263157894736842,0.8742769360542297
64a80dd34fd0539ee3761e6a_20260226_161245_69a06ec1,relevance,5a8f05faf49c9a0001f3e4c6,It mattered the most as I was with people that mattered to me and got to spend time with them.,0.0,0.25925925925925924,0.07692307692307693,0.22222222222222224,0.8722219467163086
64a80dd34fd0539ee3761e6a_20260226_161245_69a06ec1,relevance,5cf5497696cde00015bc3ce7,"Yes it mattered, it involves family and therefore is important.",0.0,0.0909090909090909,0.047619047619047616,0.0909090909090909,0.8560886383056641
64a80dd34fd0539ee3761e6a_20260226_161245_69a06ec1,relevance,5e32c95c87b8ef28e5aff6ea,"It mattered to me a little bit, but also a lot, because I know how short our time is and how precious our memories are.",0.0,0.2711864406779661,0.07017543859649122,0.20338983050847456,0.8851036429405212
64a80dd34fd0539ee3761e6a_20260226_161245_69a06ec1,relevance,6151e479b4ee16668948c7f2,This event mattered to me because I loved my grandkids and was happy to see them.,0.0,0.28,0.041666666666666664,0.2,0.9001404047012329
64a80dd34fd0539ee3761e6a_20260226_161245_69a06ec1,relevance,63b18d94775ad4aad221103c,"This event mattered deeply because family connection, seeing grandkids grow, and cherishing fleeting moments brought joy and meaningful reflection.",0.0,0.22641509433962262,0.0392156862745098,0.18867924528301885,0.8939536809921265
64a80dd34fd0539ee3761e6a_20260226_161245_69a06ec1,congruence,5a8f05faf49c9a0001f3e4c6,It helped me as I love seeing them but hurt at how quick they’re growing.,0.0,0.25531914893617014,0.04444444444444444,0.12765957446808507,0.8786307573318481
64a80dd34fd0539ee3761e6a_20260226_161245_69a06ec1,congruence,5cf5497696cde00015bc3ce7,"It helped me, it gave me perspective.",0.0,0.2105263157894737,0.05555555555555555,0.15789473684210525,0.8932560682296753
64a80dd34fd0539ee3761e6a_20260226_161245_69a06ec1,congruence,5e32c95c87b8ef28e5aff6ea,It helped me to feel grateful and positive.,0.0,0.2564102564102564,0.05405405405405406,0.15384615384615383,0.8955698609352112
64a80dd34fd0539ee3761e6a_20260226_161245_69a06ec1,congruence,6151e479b4ee16668948c7f2,"I appreciate the opportunity to see and spend time with my grandkids, and I miss them. I only wish I could see them more often and spend more time with them.",0.0,0.22580645161290322,0.03333333333333333,0.16129032258064516,0.8686376214027405
64a80dd34fd0539ee3761e6a_20260226_161245_69a06ec1,congruence,63b18d94775ad4aad221103c,"This situation helped me by strengthening family bonds and bringing joy, though it hurt slightly with bittersweet awareness of time passing quickly.",0.0,0.3773584905660377,0.0784313725490196,0.1509433962264151,0.9022078514099121
64a80dd34fd0539ee3761e6a_20260226_161245_69a06ec1,accountability,5a8f05faf49c9a0001f3e4c6,No one was responsible.,0.0,0.0,0.0,0.0,0.8534160256385803
64a80dd34fd0539ee3761e6a_20260226_161245_69a06ec1,accountability,5cf5497696cde00015bc3ce7,"I was, I made the visit.",0.0,0.08,0.0,0.08,0.8506900072097778
64a80dd34fd0539ee3761e6a_20260226_161245_69a06ec1,accountability,5e32c95c87b8ef28e5aff6ea,"I believe we were all responsible in the situation for being together, but maybe my positive mindset helped.",0.0,0.21621621621621623,0.0,0.10810810810810811,0.8625404834747314
64a80dd34fd0539ee3761e6a_20260226_161245_69a06ec1,accountability,6151e479b4ee16668948c7f2,I do not know exactly what are the circumstances that I do not see my grandkids often. Maybe they live far away from me?,0.0,0.186046511627907,0.04878048780487805,0.186046511627907,0.863997757434845
64a80dd34fd0539ee3761e6a_20260226_161245_69a06ec1,accountability,63b18d94775ad4aad221103c,"I felt my daughter and grandkids were most responsible, since their presence, growth, and love created the emotions and meaningful family connection I experienced.",0.0,0.186046511627907,0.04878048780487805,0.13953488372093023,0.8775360584259033
64a80dd34fd0539ee3761e6a_20260226_161245_69a06ec1,control,5a8f05faf49c9a0001f3e4c6,I was in control by being there but not in control of how I feel.,0.0,0.21739130434782605,0.045454545454545456,0.21739130434782605,0.8753589391708374
64a80dd34fd0539ee3761e6a_20260226_161245_69a06ec1,control,5cf5497696cde00015bc3ce7,"Yes, I was in control",0.0,0.16666666666666666,0.058823529411764705,0.16666666666666666,0.890173077583313
64a80dd34fd0539ee3761e6a_20260226_161245_69a06ec1,control,5e32c95c87b8ef28e5aff6ea,"Yes, I felt like I was in control because it was my personal initiative. I took to feel grateful.",0.0,0.19999999999999998,0.04166666666666667,0.19999999999999998,0.8723520040512085
64a80dd34fd0539ee3761e6a_20260226_161245_69a06ec1,control,6151e479b4ee16668948c7f2,"I do not feel that I am much in control of the situation, otherwise I would certainly see my grandkids more often.",0.0,0.22641509433962262,0.0392156862745098,0.18867924528301885,0.8801130652427673
64a80dd34fd0539ee3761e6a_20260226_161245_69a06ec1,control,63b18d94775ad4aad221103c,"I felt in control by choosing to be present, though time’s passing reminded me some things aren’t controllable.",0.0,0.3137254901960784,0.04081632653061225,0.19607843137254902,0.8829505443572998
64a80dd34fd0539ee3761e6a_20260226_161245_69a06ec1,certainty,5a8f05faf49c9a0001f3e4c6,Things went as expected.,0.0,0.07692307692307693,0.0,0.07692307692307693,0.8655236959457397
64a80dd34fd0539ee3761e6a_20260226_161245_69a06ec1,certainty,5cf5497696cde00015bc3ce7,"They went as expected, apart from the slight sadness",0.0,0.1290322580645161,0.0,0.1290322580645161,0.8612945079803467
64a80dd34fd0539ee3761e6a_20260226_161245_69a06ec1,certainty,5e32c95c87b8ef28e5aff6ea,It surprised me a little bit that I felt so emotional.,0.0,0.060606060606060615,0.0,0.060606060606060615,0.8649738430976868
64a80dd34fd0539ee3761e6a_20260226_161245_69a06ec1,certainty,6151e479b4ee16668948c7f2,The way I see it things go as expected. Everybody is happy,0.0,0.1764705882352941,0.0,0.05882352941176471,0.8496299982070923
64a80dd34fd0539ee3761e6a_20260226_161245_69a06ec1,certainty,63b18d94775ad4aad221103c,"Things went as expected with joyful family connection, though the unexpected bittersweet sadness about time passing surprised me.",0.0,0.19999999999999998,0.05263157894736842,0.19999999999999998,0.8824904561042786
62f18c2d37a5f255f351b61d_20260301_155946_69a45f74,relevance,5d62ca3427a84f00010fbd03,It mattered a lot. I was very sad but also confused as we had a complex relationship and have a lot of unanswered questions.,0.0,0.1923076923076923,0.039999999999999994,0.15384615384615383,0.8876801133155823
62f18c2d37a5f255f351b61d_20260301_155946_69a45f74,relevance,66b792a09354b3fa1a3c5af9,"The event mattered to me because, even though over the past years we did not have the best relationship, I will always cherish the good memories. What mattered most to me was that at the end of his life, I forgave him, and we had the relationship that we deserved.",0.0,0.358974358974359,0.10526315789473684,0.20512820512820512,0.8874592781066895
62f18c2d37a5f255f351b61d_20260301_155946_69a45f74,relevance,67dbbdb452081ea930c8ab17,The situation really mattered to me as this is my biological father even though at the beginning we never had a good relationship at least before he died we mended everything.,0.0,0.2711864406779661,0.07017543859649124,0.13559322033898305,0.8676970601081848
62f18c2d37a5f255f351b61d_20260301_155946_69a45f74,relevance,67e1340ab690d036e7d35a86,"This got to me so much because it's like you know one not knowing what he has until he loses it, cause losing him made me realise just how much he means to me so much. We didn't have the best of relationships with each other, though I mostly blame him, it still hurts.",0.0,0.16666666666666666,0.024390243902439022,0.09523809523809523,0.8614630699157715
62f18c2d37a5f255f351b61d_20260301_155946_69a45f74,relevance,69b715ed8ff500729f32ba80,The event was very crucial despite it being one of the hardest moments after losing my father. It was important as I had to go through the moment in order to heal.,0.0,0.26666666666666666,0.0,0.23333333333333334,0.8733900189399719
62f18c2d37a5f255f351b61d_20260301_155946_69a45f74,congruence,5d62ca3427a84f00010fbd03,It hurt me because it meant my questions were left unanswered and I also felt joy that I forgave him at the end of his life.,0.0,0.21052631578947367,0.1090909090909091,0.21052631578947367,0.8873692750930786
62f18c2d37a5f255f351b61d_20260301_155946_69a45f74,congruence,66b792a09354b3fa1a3c5af9,It hurt me but helped me too because it made me see two sides.,0.0,0.08888888888888889,0.046511627906976744,0.08888888888888889,0.8770565390586853
62f18c2d37a5f255f351b61d_20260301_155946_69a45f74,congruence,67dbbdb452081ea930c8ab17,The situation has really hurt me so much that I tend to cry every time I think of him.,0.0,0.19999999999999998,0.0,0.12000000000000001,0.870248019695282
62f18c2d37a5f255f351b61d_20260301_155946_69a45f74,congruence,67e1340ab690d036e7d35a86,"This situation has made me sort of embrace life more now, but there are important things one shouldn't neglect.",0.0,0.0,0.0,0.0,0.8625024557113647
62f18c2d37a5f255f351b61d_20260301_155946_69a45f74,congruence,69b715ed8ff500729f32ba80,The situation helped me understand that my father was no more and I would never see him again. Despite that it was hurting since we had not straightened thing with my father before his demise.,0.0,0.21212121212121215,0.0,0.12121212121212123,0.862370491027832
62f18c2d37a5f255f351b61d_20260301_155946_69a45f74,accountability,5d62ca3427a84f00010fbd03,He was responsible for our difficult relationship but also me. We both were.,0.0,0.18749999999999997,0.0,0.125,0.8797729015350342
62f18c2d37a5f255f351b61d_20260301_155946_69a45f74,accountability,66b792a09354b3fa1a3c5af9,I felt sad but I know that time comes for all of us.,0.0,0.0,0.0,0.0,0.8718065023422241
62f18c2d37a5f255f351b61d_20260301_155946_69a45f74,accountability,67dbbdb452081ea930c8ab17,I wouldn't blame anyone as no one is perfect.,0.0,0.20689655172413793,0.14814814814814814,0.20689655172413793,0.8676470518112183
62f18c2d37a5f255f351b61d_20260301_155946_69a45f74,accountability,67e1340ab690d036e7d35a86,"He was mostly responsible for the relationship we had, but I guess I had my part in it and I could have done better. I forgave him and we probably got what we deserve.",0.0,0.18867924528301885,0.0,0.11320754716981131,0.8865396976470947
62f18c2d37a5f255f351b61d_20260301_155946_69a45f74,accountability,69b715ed8ff500729f32ba80,We were equally responsible for this as neither my father nor me tried to reach the other to make peace.,0.0,0.20512820512820512,0.0,0.20512820512820512,0.8787229657173157
62f18c2d37a5f255f351b61d_20260301_155946_69a45f74,control,5d62ca3427a84f00010fbd03,No. I couldn't control the fact that he died.,0.0,0.24390243902439024,0.10256410256410256,0.24390243902439024,0.8836877346038818
62f18c2d37a5f255f351b61d_20260301_155946_69a45f74,control,66b792a09354b3fa1a3c5af9,I was not in control but God was in control of making that choice.,0.0,0.17777777777777778,0.046511627906976744,0.17777777777777778,0.8727948665618896
62f18c2d37a5f255f351b61d_20260301_155946_69a45f74,control,67dbbdb452081ea930c8ab17,Yes I was in control during the situation as me and my father got to settle our differences before he passed away.,0.0,0.22641509433962262,0.0392156862745098,0.22641509433962262,0.8790468573570251
62f18c2d37a5f255f351b61d_20260301_155946_69a45f74,control,67e1340ab690d036e7d35a86,"To an extent I was in control, cause I found myself wanting answers that they couldn't give me. I could have found a way to keep my relationship with him doing so.",0.0,0.21875,0.03225806451612904,0.15625,0.8752819299697876
62f18c2d37a5f255f351b61d_20260301_155946_69a45f74,control,69b715ed8ff500729f32ba80,I felt out of control since I could not bring my father back to life.,0.0,0.13043478260869568,0.0,0.13043478260869568,0.8766257166862488
62f18c2d37a5f255f351b61d_20260301_155946_69a45f74,certainty,5d62ca3427a84f00010fbd03,Things were unexpected as I didn't expect myself to reconcile with him and forgive him and for us to repair our relationship.,0.0,0.07547169811320756,0.0,0.03773584905660378,0.8759133219718933
62f18c2d37a5f255f351b61d_20260301_155946_69a45f74,certainty,66b792a09354b3fa1a3c5af9,I saw it coming as he not that well so I think it was expected.,0.0,0.26666666666666666,0.0,0.13333333333333333,0.8498684167861938
62f18c2d37a5f255f351b61d_20260301_155946_69a45f74,certainty,67dbbdb452081ea930c8ab17,Yes thing went as I had always wanted since we got to reunite with my father and settle our differences.,0.0,0.04,0.0,0.04,0.865734875202179
62f18c2d37a5f255f351b61d_20260301_155946_69a45f74,certainty,67e1340ab690d036e7d35a86,"Well, things definitely didn't go as expected cause I didn't get what I want and lost him.",0.0,0.12244897959183673,0.0,0.0816326530612245,0.8728493452072144
62f18c2d37a5f255f351b61d_20260301_155946_69a45f74,certainty,69b715ed8ff500729f32ba80,Things went as expected.,0.0,0.058823529411764705,0.0,0.058823529411764705,0.8587543964385986
67a5c743b431ff0a1160ed28_20260227_152718_69a1b6be,relevance,5c37aa8b832a8400010983b3,"This event matters to me a lot. When I am in situations like this where I feel like I am not being treated fairly in comparison to my sister, it hurts. It feels like my family is against me, and rather than the love that I want from my family, I am being treated as second class.",0.0,0.23529411764705885,0.04819277108433735,0.11764705882352942,0.8793359398841858
67a5c743b431ff0a1160ed28_20260227_152718_69a1b6be,relevance,636cc5fa559ec4d93e272972,I felt a bit left out because my mum buys more gifts for my sister than me.,0.0,0.22222222222222224,0.09302325581395349,0.13333333333333333,0.8931800127029419
67a5c743b431ff0a1160ed28_20260227_152718_69a1b6be,relevance,66f480695684a9ff1f525bf8,It matters because my mum made it look like I can't be shown the same love she's showing to my sister. What does my finance have to do with how she shows me love?,0.0,0.21875000000000003,0.03225806451612903,0.15625000000000003,0.8684731125831604
67a5c743b431ff0a1160ed28_20260227_152718_69a1b6be,relevance,6786f3a893061285158dab26,It matters to me to some extent because I feel my mum is being unjust.,0.0,0.23255813953488372,0.0975609756097561,0.13953488372093023,0.8796745538711548
67a5c743b431ff0a1160ed28_20260227_152718_69a1b6be,relevance,69c3ba6bb9b1844d3fb04882,It's not fair that my sister is getting more than me because she has kids. I feel left out and less important.,0.0,0.27450980392156865,0.08163265306122448,0.23529411764705882,0.9018074870109558
67a5c743b431ff0a1160ed28_20260227_152718_69a1b6be,congruence,5c37aa8b832a8400010983b3,"It is helpful in that it clarifies my relationship with my family. If there comes a time when social obligation suggests I stand with my family in a time of need, I can reflect on moments like this and see why I don't need to fulfill that obligation. The hurt is just how hurtful this situation is in the moment. The ways that I am struggling and those are not seen as so much is given to my sister.",0.0,0.21428571428571425,0.01818181818181818,0.12499999999999997,0.8525661826133728
67a5c743b431ff0a1160ed28_20260227_152718_69a1b6be,congruence,636cc5fa559ec4d93e272972,It hurt me because I was not treated fairly.,0.0,0.29268292682926833,0.05128205128205128,0.29268292682926833,0.8825219869613647
67a5c743b431ff0a1160ed28_20260227_152718_69a1b6be,congruence,66f480695684a9ff1f525bf8,It hurts me deeply. My mum is being unfair and loving one sibling over another is a disaster in waiting. It brings jealousy and hatred.,0.0,0.2456140350877193,0.03636363636363637,0.17543859649122806,0.8784581422805786
67a5c743b431ff0a1160ed28_20260227_152718_69a1b6be,congruence,6786f3a893061285158dab26,It hurt me as I’m feeling favouritism in the family.,0.0,0.18604651162790697,0.04878048780487805,0.18604651162790697,0.8846063017845154
67a5c743b431ff0a1160ed28_20260227_152718_69a1b6be,congruence,69c3ba6bb9b1844d3fb04882,It hurts my feelings about my family relationships and makes me feel like I don't matter.,0.0,0.32653061224489793,0.0851063829787234,0.24489795918367344,0.8945180773735046
67a5c743b431ff0a1160ed28_20260227_152718_69a1b6be,accountability,5c37aa8b832a8400010983b3,"The core issue is the way my mum is acting here. She is the one who is favoring my sister, mum wanted grandchildren and my sister is the one who gave that to her. She is the one who is helping my sister and not helping me. It is the choices that our mother is making.",0.0,0.2368421052631579,0.05405405405405405,0.15789473684210525,0.867171585559845
67a5c743b431ff0a1160ed28_20260227_152718_69a1b6be,accountability,636cc5fa559ec4d93e272972,My mother and sister.,0.0,0.24999999999999997,0.0,0.24999999999999997,0.8756316900253296
67a5c743b431ff0a1160ed28_20260227_152718_69a1b6be,accountability,66f480695684a9ff1f525bf8,"My mum, she could have handled it better by at least getting me one thing to show she cares about me no matter what I earn.",0.0,0.2173913043478261,0.04545454545454545,0.17391304347826086,0.8652539849281311
67a5c743b431ff0a1160ed28_20260227_152718_69a1b6be,accountability,6786f3a893061285158dab26,My mum.,0.0,0.18181818181818182,0.1,0.18181818181818182,0.8898111581802368
67a5c743b431ff0a1160ed28_20260227_152718_69a1b6be,accountability,69c3ba6bb9b1844d3fb04882,"I think my mother is responsible for this. If she had been even handed across both of us, I wouldn't be feeling this way.",0.0,0.1333333333333333,0.0,0.1333333333333333,0.8920721411705017
67a5c743b431ff0a1160ed28_20260227_152718_69a1b6be,control,5c37aa8b832a8400010983b3,I had no say in how other act or respond. The situation was not something I can do or change. I have to live with the family I have. My only control would be to walk away from the situation. To disconnect from my family.,0.0,0.11594202898550726,0.0,0.11594202898550726,0.8558850884437561
67a5c743b431ff0a1160ed28_20260227_152718_69a1b6be,control,636cc5fa559ec4d93e272972,"Not really, there is not much I could do.",0.0,0.06060606060606061,0.0,0.06060606060606061,0.8557917475700378
67a5c743b431ff0a1160ed28_20260227_152718_69a1b6be,control,66f480695684a9ff1f525bf8,"I wasn't in control, she has chosen to make me feel less as her child and it hurts.",0.0,0.27906976744186046,0.04878048780487805,0.186046511627907,0.8757331967353821
67a5c743b431ff0a1160ed28_20260227_152718_69a1b6be,control,6786f3a893061285158dab26,No I’m not.,0.0,0.14285714285714285,0.07692307692307691,0.14285714285714285,0.8492177724838257
67a5c743b431ff0a1160ed28_20260227_152718_69a1b6be,control,69c3ba6bb9b1844d3fb04882,I don't have any control over what my mother chooses to do.,0.0,0.10810810810810811,0.0,0.10810810810810811,0.8678373098373413
67a5c743b431ff0a1160ed28_20260227_152718_69a1b6be,certainty,5c37aa8b832a8400010983b3,"I had hopped that my mother would act fairly, but I cannot expect people to change without impetus. I expect that this dynamic has been in place my entire life and I don't have any reason to expect it to change now.",0.0,0.18181818181818182,0.0,0.12987012987012986,0.8562154173851013
67a5c743b431ff0a1160ed28_20260227_152718_69a1b6be,certainty,636cc5fa559ec4d93e272972,"Not really, I could not do much to change it.",0.0,0.13636363636363635,0.0,0.0909090909090909,0.8664132356643677
67a5c743b431ff0a1160ed28_20260227_152718_69a1b6be,certainty,66f480695684a9ff1f525bf8,"It went badly, I never expected my mum using finance as an excuse to not get me something rather got for my sister.",0.0,0.3157894736842105,0.07272727272727272,0.2105263157894737,0.8728533387184143
67a5c743b431ff0a1160ed28_20260227_152718_69a1b6be,certainty,6786f3a893061285158dab26,Unexpected as I thought we’d be treated similarly.,0.0,0.09302325581395347,0.04878048780487805,0.09302325581395347,0.8649023771286011
67a5c743b431ff0a1160ed28_20260227_152718_69a1b6be,certainty,69c3ba6bb9b1844d3fb04882,No. I really expected my mother to treat us equally.,0.0,0.1818181818181818,0.0,0.1818181818181818,0.8837929368019104
5b51c33d026602000178b5ec_20260228_144002_69a2fa65,relevance,5aae8ddfe1546900019af8d2,It mattered quite a bit because it affects my daughter's future and her current happiness.,0.0,0.17777777777777778,0.046511627906976744,0.17777777777777778,0.8877364993095398
5b51c33d026602000178b5ec_20260228_144002_69a2fa65,relevance,5e8f53644b34ff22d9b3a1c5,It matters a fairly good deal. My daughter's happiness is important to me.,0.0,0.046511627906976744,0.0,0.046511627906976744,0.871321439743042
5b51c33d026602000178b5ec_20260228_144002_69a2fa65,relevance,69829bc1224b28f0538900d5,It matters to me because we want our daughter to have friends and be able to interact with others her own age.,0.0,0.11764705882352941,0.0,0.11764705882352941,0.8751130700111389
5b51c33d026602000178b5ec_20260228_144002_69a2fa65,relevance,69b2eaab584f6399e281f2ca,It matter a moderate amount. I am interested in my daughter's happiness.,0.0,0.04761904761904762,0.0,0.04761904761904762,0.8747751712799072
5b51c33d026602000178b5ec_20260228_144002_69a2fa65,relevance,69baf7ee465dd9034455e2ab,This mattered a lot because it's my daughter's well-being. School is an important part of a child's life.,0.0,0.19607843137254902,0.0,0.11764705882352941,0.8735340237617493
5b51c33d026602000178b5ec_20260228_144002_69a2fa65,congruence,5aae8ddfe1546900019af8d2,"It helps me, because I no longer have to homeschool and my daughter will be happier.",0.0,0.1904761904761905,0.0,0.14285714285714285,0.8796380162239075
5b51c33d026602000178b5ec_20260228_144002_69a2fa65,congruence,5e8f53644b34ff22d9b3a1c5,"It didn't really do either, it just made me happy that it made her happy.",0.0,0.1904761904761905,0.0,0.1904761904761905,0.8581498861312866
5b51c33d026602000178b5ec_20260228_144002_69a2fa65,congruence,69829bc1224b28f0538900d5,It helps because having our daughter socialize will help with her mental health issues.,0.0,0.15,0.0,0.15,0.8869667649269104
5b51c33d026602000178b5ec_20260228_144002_69a2fa65,congruence,69b2eaab584f6399e281f2ca,It helped me to know that my daughter is getting what she wants.,0.0,0.2564102564102564,0.05405405405405406,0.15384615384615388,0.8901817798614502
5b51c33d026602000178b5ec_20260228_144002_69a2fa65,congruence,69baf7ee465dd9034455e2ab,This helped me if it helped her. I want the best for her.,0.0,0.30769230769230776,0.05405405405405406,0.2564102564102564,0.8818292617797852
5b51c33d026602000178b5ec_20260228_144002_69a2fa65,accountability,5aae8ddfe1546900019af8d2,"It was shared responsibility - the school helped, I helped, she drove the initial choice to re-apply.",0.0,0.2173913043478261,0.045454545454545456,0.17391304347826086,0.8658509850502014
5b51c33d026602000178b5ec_20260228_144002_69a2fa65,accountability,5e8f53644b34ff22d9b3a1c5,"I think she earned what she got, at least to a certain extent.",0.0,0.1904761904761905,0.05,0.14285714285714288,0.8632758855819702
5b51c33d026602000178b5ec_20260228_144002_69a2fa65,accountability,69829bc1224b28f0538900d5,I think we are all responsible for getting her back into school. It is a process that is finally showing some results.,0.0,0.11764705882352941,0.0,0.11764705882352941,0.8809686303138733
5b51c33d026602000178b5ec_20260228_144002_69a2fa65,accountability,69b2eaab584f6399e281f2ca,Me and my family was responsible for this.,0.0,0.16216216216216217,0.0,0.1081081081081081,0.854616105556488
5b51c33d026602000178b5ec_20260228_144002_69a2fa65,accountability,69baf7ee465dd9034455e2ab,"I feel as though I'm responsible for whether she's homeschooled or not, but I don't control what her school life is like when she's there.",0.0,0.1724137931034483,0.0,0.13793103448275862,0.8607461452484131
5b51c33d026602000178b5ec_20260228_144002_69a2fa65,control,5aae8ddfe1546900019af8d2,"A little bit - we could control how we applied, but ultimately the decision was not ours.",0.0,0.13333333333333333,0.0,0.08888888888888889,0.8718940615653992
5b51c33d026602000178b5ec_20260228_144002_69a2fa65,control,5e8f53644b34ff22d9b3a1c5,"No, I felt like it was all her hard work that did the trick.",0.0,0.23255813953488377,0.0975609756097561,0.23255813953488377,0.8847740292549133
5b51c33d026602000178b5ec_20260228_144002_69a2fa65,control,69829bc1224b28f0538900d5,No I didn't feel like I was in control of the situation because I didn't have any say on whether the school accepted my daughter or not.,0.0,0.3448275862068966,0.10714285714285714,0.3103448275862069,0.9006626605987549
5b51c33d026602000178b5ec_20260228_144002_69a2fa65,control,69b2eaab584f6399e281f2ca,No. It her acceptance into the school of her choice was uncertain.,0.0,0.2439024390243903,0.05128205128205127,0.14634146341463414,0.8810029029846191
5b51c33d026602000178b5ec_20260228_144002_69a2fa65,control,69baf7ee465dd9034455e2ab,"I felt I was in control to an extent. I was definitely able to make the choice to put her back in school, but it did have to get approved by the school.",0.0,0.22580645161290322,0.06666666666666667,0.1935483870967742,0.8914064168930054
5b51c33d026602000178b5ec_20260228_144002_69a2fa65,certainty,5aae8ddfe1546900019af8d2,No surprises.,0.0,0.0,0.0,0.0,0.8672231435775757
5b51c33d026602000178b5ec_20260228_144002_69a2fa65,certainty,5e8f53644b34ff22d9b3a1c5,I had a pretty good feeling that she would get what she wanted.,0.0,0.04878048780487805,0.0,0.04878048780487805,0.8732300400733948
5b51c33d026602000178b5ec_20260228_144002_69a2fa65,certainty,69829bc1224b28f0538900d5,Things went as I hoped.,0.0,0.24242424242424243,0.12903225806451613,0.24242424242424243,0.9181982278823853
5b51c33d026602000178b5ec_20260228_144002_69a2fa65,certainty,69b2eaab584f6399e281f2ca,"It was a pleasant surprise to get the acceptance letter, but I held no expectations on the outcome.",0.0,0.2608695652173913,0.0,0.17391304347826086,0.8739901781082153
5b51c33d026602000178b5ec_20260228_144002_69a2fa65,certainty,69baf7ee465dd9034455e2ab,It was unexpected because she was homeschooled for such a short time.,0.0,0.15,0.0,0.15,0.8624134063720703
5a764e848fe2dc000105739c_20260301_143615_69a44b6b,relevance,53a18b8ffdf99b79ca51df6e,It was really good to catch up and reminisce with old friends.,0.0,0.16666666666666666,0.0,0.1111111111111111,0.8748088479042053
5a764e848fe2dc000105739c_20260301_143615_69a44b6b,relevance,5942d73df8bfc00001985c3c,The event mattered to me in a positive way. It was great to catch up with old friends and have fun together. Reminiscing about the past made us all feel really happy.,0.0,0.21428571428571427,0.0,0.14285714285714288,0.8858026266098022
5a764e848fe2dc000105739c_20260301_143615_69a44b6b,relevance,6644b750f83b1ad48d9ce14f,This mattered quite a bit. I enjoyed the social connection as well as seeing the positive role I've played and how that ripple effect has impacted the lives of those around me.,0.0,0.14035087719298245,0.0,0.14035087719298245,0.8878045082092285
5a764e848fe2dc000105739c_20260301_143615_69a44b6b,relevance,695c47f824a839c308d41292,This event mattered a lot because it gave us a sense of commradery and friendship.,0.0,0.2051282051282051,0.0,0.10256410256410255,0.8893773555755615
5a764e848fe2dc000105739c_20260301_143615_69a44b6b,relevance,69829bc1224b28f0538900d5,It mattered to me because I could reflect on my younger days and what it was like to not have so much responsibility as I do now.,0.0,0.19607843137254902,0.04081632653061224,0.19607843137254902,0.8688585162162781
5a764e848fe2dc000105739c_20260301_143615_69a44b6b,congruence,53a18b8ffdf99b79ca51df6e,It made me remember happy times. That felt good.,0.0,0.15000000000000002,0.052631578947368425,0.15000000000000002,0.8887336254119873
5a764e848fe2dc000105739c_20260301_143615_69a44b6b,congruence,5942d73df8bfc00001985c3c,It helped bring me happiness in today. It made me think fondly of our past and everything we have been through together.,0.0,0.2641509433962264,0.0392156862745098,0.22641509433962262,0.8889371752738953
5a764e848fe2dc000105739c_20260301_143615_69a44b6b,congruence,6644b750f83b1ad48d9ce14f,"This helped me a lot. It gave me a positive sense of meaning, connection, and my place in this world. I enjoyed connecting socially with old friends and loved ones.",0.0,0.19672131147540983,0.0,0.13114754098360656,0.8916266560554504
5a764e848fe2dc000105739c_20260301_143615_69a44b6b,congruence,695c47f824a839c308d41292,It only helped—by strengthening ties between friends.,0.0,0.05128205128205128,0.0,0.05128205128205128,0.8659331202507019
5a764e848fe2dc000105739c_20260301_143615_69a44b6b,congruence,69829bc1224b28f0538900d5,I think it helped me stay grounded and remind myself what goals I had set for myself back then and what I still need to do that I haven't done yet.,0.0,0.12698412698412698,0.0,0.09523809523809523,0.8649861812591553
5a764e848fe2dc000105739c_20260301_143615_69a44b6b,accountability,53a18b8ffdf99b79ca51df6e,I had an input as I got everyone being friends in the first place so that felt nice.,0.0,0.1702127659574468,0.0,0.1276595744680851,0.8754079937934875
5a764e848fe2dc000105739c_20260301_143615_69a44b6b,accountability,5942d73df8bfc00001985c3c,We all were responsible for this happening. We all came together and scheduled to meet together at this time and everyone who was there committed to keeping the engagement.,0.0,0.13793103448275862,0.0,0.13793103448275862,0.8717672824859619
5a764e848fe2dc000105739c_20260301_143615_69a44b6b,accountability,6644b750f83b1ad48d9ce14f,"I feel like I was responsible for this, as well as my brother and best friend and the old friends I connected with.",0.13952118378975725,0.34615384615384615,0.16,0.2692307692307692,0.9099410772323608
5a764e848fe2dc000105739c_20260301_143615_69a44b6b,accountability,695c47f824a839c308d41292,"Everyone present was responsible, as we chose to be there and to show up again in the future.",0.0,0.1276595744680851,0.0,0.1276595744680851,0.8768287301063538
5a764e848fe2dc000105739c_20260301_143615_69a44b6b,accountability,69829bc1224b28f0538900d5,I think it was mainly Aaron who set up this whole thing and he was real good about coordinating with everyone and having them attend.,0.0,0.11111111111111112,0.0,0.07407407407407408,0.8695499300956726
5a764e848fe2dc000105739c_20260301_143615_69a44b6b,control,53a18b8ffdf99b79ca51df6e,Yes I felt in control as I suggested we meet up again next year.,0.13523285066501545,0.25,0.2105263157894737,0.25,0.8939799666404724
5a764e848fe2dc000105739c_20260301_143615_69a44b6b,control,5942d73df8bfc00001985c3c,I was in control of making sure I attended the catch up.,0.0,0.21052631578947367,0.05555555555555555,0.21052631578947367,0.8737748265266418
5a764e848fe2dc000105739c_20260301_143615_69a44b6b,control,6644b750f83b1ad48d9ce14f,"Yes. I showed up not knowing exactly what to expect, but it's something I chose and directed myself to. I navigated the situation well and made plans for the future.",0.0,0.14035087719298245,0.03636363636363636,0.14035087719298245,0.8781200051307678
5a764e848fe2dc000105739c_20260301_143615_69a44b6b,control,695c47f824a839c308d41292,"Yes, I had lots of connections and was the reason we all did this.",0.0,0.2,0.052631578947368425,0.2,0.8815451860427856
5a764e848fe2dc000105739c_20260301_143615_69a44b6b,control,69829bc1224b28f0538900d5,No I didn't feel like I was in control as I just sat back and tried to enjoy the moment.,0.0,0.1702127659574468,0.044444444444444446,0.1702127659574468,0.8942481875419617
5a764e848fe2dc000105739c_20260301_143615_69a44b6b,certainty,53a18b8ffdf99b79ca51df6e,It went better than expected.,0.0,0.046511627906976744,0.0,0.046511627906976744,0.8807840347290039
5a764e848fe2dc000105739c_20260301_143615_69a44b6b,certainty,5942d73df8bfc00001985c3c,Yes everything went as planned. I knew it would be alot of fun to catch up and talk about past times,0.0,0.1694915254237288,0.03508771929824561,0.1694915254237288,0.8897435665130615
5a764e848fe2dc000105739c_20260301_143615_69a44b6b,certainty,6644b750f83b1ad48d9ce14f,I wasn't expecting to run into my old friends like I did. It was a very pleasant and positive surprise.,0.0,0.13559322033898305,0.0,0.1016949152542373,0.8815948963165283
5a764e848fe2dc000105739c_20260301_143615_69a44b6b,certainty,695c47f824a839c308d41292,Things went smoothly as expected.,0.0,0.046511627906976744,0.0,0.046511627906976744,0.8788851499557495
5a764e848fe2dc000105739c_20260301_143615_69a44b6b,certainty,69829bc1224b28f0538900d5,I think I walked away more excited for the future than I was prior,0.0,0.23076923076923078,0.04,0.1923076923076923,0.8689369559288025
5f4a7a00dc1bde60ab8f7ac5_20260227_182021_69a1df78,relevance,57441f8954636a000d7865ba,It matters a lot because it could have a detrimental effect on my finances and my mental health.,0.0,0.14285714285714288,0.0,0.14285714285714288,0.8766393065452576
5f4a7a00dc1bde60ab8f7ac5_20260227_182021_69a1df78,relevance,5bd2034025db7b000178ad8a,It mattered a lot to me because it seems that I risk sinking deeper and deeper into debt which is not good for my own well-being but would also cause my elderly mother a lot of worry if she were to find out.,0.0,0.2647058823529412,0.030303030303030304,0.14705882352941177,0.8755398988723755
5f4a7a00dc1bde60ab8f7ac5_20260227_182021_69a1df78,relevance,67ac5f2b94b08886739a0003,"This event matters a lot to me. I feel frustrated, confused and desperate because nothing is going as planned, and I feel like I need to get my things together but it's not working out. My bills have become a problem that I cannot fix which is worrisome.",0.0,0.1643835616438356,0.0,0.136986301369863,0.8742177486419678
5f4a7a00dc1bde60ab8f7ac5_20260227_182021_69a1df78,relevance,6988affdda027fa76c688e1a,The event matters a great deal to me because my financial situation is foundational for my day to day existence.,0.0,0.1818181818181818,0.0,0.1818181818181818,0.8757966160774231
5f4a7a00dc1bde60ab8f7ac5_20260227_182021_69a1df78,relevance,699f89c222095408c15f2a80,The event extremely mattered because being able to pay bills is a crucial step in someone's life.,0.0,0.14285714285714288,0.0,0.09523809523809525,0.8750125169754028
5f4a7a00dc1bde60ab8f7ac5_20260227_182021_69a1df78,congruence,57441f8954636a000d7865ba,It causes me a lot of worry and there will be consequences if I can’t pay the debt.,0.0,0.12000000000000001,0.0,0.12000000000000001,0.8688009977340698
5f4a7a00dc1bde60ab8f7ac5_20260227_182021_69a1df78,congruence,5bd2034025db7b000178ad8a,I have to face the fact that I have caused the problem. I have been spending more than I earn. It hasn't helped or hurt me but it's taught me an important lesson about my spending.,0.0,0.20289855072463767,0.0,0.11594202898550723,0.8609645366668701
5f4a7a00dc1bde60ab8f7ac5_20260227_182021_69a1df78,congruence,67ac5f2b94b08886739a0003,"It has hurt me, I feel hurt, I am inclined to think I am a failure at this point since everything isn't working out. Then I start beating myself up thinking I am not doing something right. I am also not thinking only about myself but also my mom's, but I wouldn't want to bother her because she would go about stressing herself out for me which I do not want.",0.0,0.20952380952380953,0.0,0.1523809523809524,0.8586819171905518
5f4a7a00dc1bde60ab8f7ac5_20260227_182021_69a1df78,congruence,6988affdda027fa76c688e1a,"Not having enough money to get out of debt is hurtful, it is like a trap you cannot escape.",0.0,0.07999999999999999,0.0,0.039999999999999994,0.8626394867897034
5f4a7a00dc1bde60ab8f7ac5_20260227_182021_69a1df78,congruence,699f89c222095408c15f2a80,I was hurt because I was not able to pay my debts.,0.0,0.13953488372093023,0.0,0.09302325581395349,0.8670856952667236
5f4a7a00dc1bde60ab8f7ac5_20260227_182021_69a1df78,accountability,57441f8954636a000d7865ba,It’s partly my fault and partly the situation.,0.0,0.13953488372093023,0.0,0.13953488372093023,0.8635059595108032
5f4a7a00dc1bde60ab8f7ac5_20260227_182021_69a1df78,accountability,5bd2034025db7b000178ad8a,"From what I know about the background, I am the one to blame.",0.0,0.21276595744680854,0.0,0.1702127659574468,0.868723452091217
5f4a7a00dc1bde60ab8f7ac5_20260227_182021_69a1df78,accountability,67ac5f2b94b08886739a0003,Myself. I feel I am solely responsible for this failure. Maybe I am not working hard enough. Maybe I should do better maybe I need to get it right like others. Or maybe I am just not meant to find it easy. Or maybe it's just a phase I need to go through. Regardless I think I am solely responsible.,0.0,0.1263157894736842,0.043010752688172046,0.10526315789473684,0.8506406545639038
5f4a7a00dc1bde60ab8f7ac5_20260227_182021_69a1df78,accountability,6988affdda027fa76c688e1a,"Although the purchases are made by myself, the predatory lending practices of credit card companies and banks are like a lure to catch those of limited means in a web of debt service.",0.0,0.11940298507462688,0.0,0.08955223880597016,0.847991943359375
5f4a7a00dc1bde60ab8f7ac5_20260227_182021_69a1df78,accountability,699f89c222095408c15f2a80,My employer is the one responsible because the pay is not adequate.,0.0,0.1739130434782609,0.0,0.1739130434782609,0.8687165975570679
5f4a7a00dc1bde60ab8f7ac5_20260227_182021_69a1df78,control,57441f8954636a000d7865ba,No. I didn’t feel in control especially as my job situation makes it hard to change things.,0.0,0.20833333333333334,0.043478260869565216,0.16666666666666669,0.8799506425857544
5f4a7a00dc1bde60ab8f7ac5_20260227_182021_69a1df78,control,5bd2034025db7b000178ad8a,By the time I realised what a mess I had made of my finances it was too late and I had lost control. If I had realised earlier then there might have been a chance that I could have taken control and sorted the matter out but now it is the credit card companies that are dictating the conditions.,0.0,0.22471910112359553,0.0,0.11235955056179776,0.8607288599014282
5f4a7a00dc1bde60ab8f7ac5_20260227_182021_69a1df78,control,67ac5f2b94b08886739a0003,"I was totally not in control, If I were in control, everything would be working in my favor. The cards would be in my favor if I was getting everything right. So, No, I was not in control, it's frustrating not being in control of my finances, not being able to pay debts or afford the basic needs.",0.0,0.22471910112359553,0.04597701149425287,0.1797752808988764,0.8661572933197021
5f4a7a00dc1bde60ab8f7ac5_20260227_182021_69a1df78,control,6988affdda027fa76c688e1a,"Some purchases have to be made, some are labeled unwise in retrospect, but the human decency factor is out the window when looking at how much poor people will pay over the term of a loan vs the rich for the same good or service.",0.0,0.08,0.0,0.08,0.8386256694793701
5f4a7a00dc1bde60ab8f7ac5_20260227_182021_69a1df78,control,699f89c222095408c15f2a80,I was out of control because my pay was determined by my employer.,0.0,0.32558139534883723,0.14634146341463414,0.32558139534883723,0.8848173022270203
5f4a7a00dc1bde60ab8f7ac5_20260227_182021_69a1df78,certainty,57441f8954636a000d7865ba,I think it was an expected situation but things happened quickly.,0.0,0.18181818181818182,0.0,0.13636363636363635,0.8754684925079346
5f4a7a00dc1bde60ab8f7ac5_20260227_182021_69a1df78,certainty,5bd2034025db7b000178ad8a,"They are overwhelming and out of control. I will need to find someone who can help me to get a grip of the situation. Until I have managed to that someone then things will continue to decline. As things stand, I am beyond expectations and surprises. I am just desperate.",0.0,0.14457831325301204,0.0,0.12048192771084337,0.8575668931007385
5f4a7a00dc1bde60ab8f7ac5_20260227_182021_69a1df78,certainty,67ac5f2b94b08886739a0003,"Things definitely did not go as expected. At this stage in my life, I thought I would grow really well financially, there is nothing that feels better than being financially stable and being able to take care of yourself without bothering no one. This is what I do not have, which is unexpected.",0.0,0.20930232558139536,0.0,0.11627906976744186,0.8581702709197998
5f4a7a00dc1bde60ab8f7ac5_20260227_182021_69a1df78,certainty,6988affdda027fa76c688e1a,I don't think anyone expects to be emotionally hopeless when they are placing a credit card purchase.,0.0,0.11764705882352942,0.0,0.11764705882352942,0.857516884803772
5f4a7a00dc1bde60ab8f7ac5_20260227_182021_69a1df78,certainty,699f89c222095408c15f2a80,Things went unexpectedly.,0.0,0.0,0.0,0.0,0.8625105619430542
665c738a0fa99b0a682780f2_20260305_225050_69aa0631,relevance,583ef6f5ad2f4300014b358d,"It matters a lot, my cat is family, like my child and the fact they are in pain makes me feel awful and even worse because my wife doesn't support my want for our cat to get better.",0.0,0.27272727272727276,0.0625,0.21212121212121213,0.8740050196647644
665c738a0fa99b0a682780f2_20260305_225050_69aa0631,relevance,5ea0516dee594a000932857a,This is a very sad story. I feel sorry for both the cat and the owner.,0.0,0.046511627906976744,0.0,0.046511627906976744,0.8558263778686523
665c738a0fa99b0a682780f2_20260305_225050_69aa0631,relevance,668e746676f2f05528e19fd2,"This is an emotional situation. It matters because I am attached to the cat, and don't want it to suffer.",0.0,0.125,0.0,0.08333333333333333,0.8719942569732666
665c738a0fa99b0a682780f2_20260305_225050_69aa0631,relevance,67279fa0368ebc801eb5817a,"This broke my heart. I just had to put my cat down about a month ago. She had cancer. She had gotten so thin that she stopped eating and drinking water. For me, it was the right thing to do. I could see her body was suffering, and it wasn't right to let her suffer. I miss her terribly but I think I did the right thing for her.",0.0,0.16494845360824742,0.0,0.10309278350515463,0.847579300403595
665c738a0fa99b0a682780f2_20260305_225050_69aa0631,relevance,697fbcfaae6bc29a56c28d58,It matters to me because I love the cat so much.,0.0,0.10526315789473684,0.0,0.10526315789473684,0.8698863387107849
665c738a0fa99b0a682780f2_20260305_225050_69aa0631,congruence,583ef6f5ad2f4300014b358d,"I feel like it just hurts, one my cat is old and going through health issues and my wife is suggesting we put it down which is worse because I have a very close relationship with my cat but I also understand she is older and the vet could suggest the same thing.",0.0,0.13333333333333336,0.0,0.11111111111111112,0.8518564105033875
665c738a0fa99b0a682780f2_20260305_225050_69aa0631,congruence,5ea0516dee594a000932857a,It is a sad story to read but there is some hope once the vet sees the cat.,0.0,0.07272727272727272,0.0,0.03636363636363636,0.8536716103553772
665c738a0fa99b0a682780f2_20260305_225050_69aa0631,congruence,668e746676f2f05528e19fd2,I don't think this is helping me at all. It is hurting to watch my beloved pet suffer.,0.0,0.17857142857142858,0.0,0.10714285714285714,0.86923748254776
665c738a0fa99b0a682780f2_20260305_225050_69aa0631,congruence,67279fa0368ebc801eb5817a,It helped me because the owner of this cat wanted to fix her broken tooth.,0.0,0.23076923076923078,0.04,0.11538461538461539,0.866782546043396
665c738a0fa99b0a682780f2_20260305_225050_69aa0631,congruence,697fbcfaae6bc29a56c28d58,I tried staying and caring for the cat which helped a bit though my wife was not helpful.,0.0,0.18181818181818182,0.0,0.1090909090909091,0.8552145957946777
665c738a0fa99b0a682780f2_20260305_225050_69aa0631,accountability,583ef6f5ad2f4300014b358d,"I mean you can't really blame anyone, it's just kind of how life goes but I wish my wife were more supportive and even if I know there is a possibility they might suggest putting my cat down she could have been more sympathetic about it and making my feeling felt understood.",0.0,0.19047619047619047,0.024390243902439025,0.09523809523809523,0.8593554496765137
665c738a0fa99b0a682780f2_20260305_225050_69aa0631,accountability,5ea0516dee594a000932857a,No one was responsible; it's not unreasonable to hear that a 20-year-old cat could have a broken tooth.,0.0,0.11764705882352941,0.0,0.11764705882352941,0.8550809025764465
665c738a0fa99b0a682780f2_20260305_225050_69aa0631,accountability,668e746676f2f05528e19fd2,It is just nature.,0.0,0.0,0.0,0.0,0.8512625098228455
665c738a0fa99b0a682780f2_20260305_225050_69aa0631,accountability,67279fa0368ebc801eb5817a,The husband was the more supportive person in this situation.,0.0,0.05,0.0,0.05,0.8592211008071899
665c738a0fa99b0a682780f2_20260305_225050_69aa0631,accountability,697fbcfaae6bc29a56c28d58,I cannot really say because I just noticed my 20 year old cat got injured.,0.0,0.13333333333333333,0.0,0.08888888888888888,0.8551325798034668
665c738a0fa99b0a682780f2_20260305_225050_69aa0631,control,583ef6f5ad2f4300014b358d,Not at all because I know there are a lot of factors to consider when it comes to my cat and it really depends on what the vet says.,0.0,0.13793103448275862,0.03571428571428571,0.13793103448275862,0.8611426949501038
665c738a0fa99b0a682780f2_20260305_225050_69aa0631,control,5ea0516dee594a000932857a,Because there is a vet nearby to help.,0.0,0.0,0.0,0.0,0.8476717472076416
665c738a0fa99b0a682780f2_20260305_225050_69aa0631,control,668e746676f2f05528e19fd2,I don't feel in control of the broken tooth. I can only control my reaction. I can get an emergency vet appointment.,0.0,0.19230769230769232,0.0,0.19230769230769232,0.8790608644485474
665c738a0fa99b0a682780f2_20260305_225050_69aa0631,control,67279fa0368ebc801eb5817a,I didn't feel like I was in control of this situation but the husband stepped up and he didn't want his cat to suffer.,0.0,0.2545454545454545,0.07547169811320756,0.21818181818181817,0.8865188956260681
665c738a0fa99b0a682780f2_20260305_225050_69aa0631,control,697fbcfaae6bc29a56c28d58,"Yes, totally I was in control.",0.0,0.1142857142857143,0.0,0.1142857142857143,0.8774493932723999
665c738a0fa99b0a682780f2_20260305_225050_69aa0631,certainty,583ef6f5ad2f4300014b358d,"Not expected, especially since I have had to force feed my cat and my wife is telling me not to do that and put down the cat that I have had for 20 years. I would think she would love this cat as much as I do and I would expect her to want to save the cat if not for how long we have had her for my sake, but she is almost cold about it which is unexpected.",0.0,0.2982456140350877,0.07142857142857142,0.17543859649122806,0.8613174557685852
665c738a0fa99b0a682780f2_20260305_225050_69aa0631,certainty,5ea0516dee594a000932857a,They went as expected.,0.0,0.10526315789473684,0.05555555555555555,0.10526315789473684,0.8848991990089417
665c738a0fa99b0a682780f2_20260305_225050_69aa0631,certainty,668e746676f2f05528e19fd2,"It was not expected to have a cat with a broken tooth, but it is the nature of caring for an animal sometimes.",0.0,0.2105263157894737,0.0,0.14035087719298242,0.8587512373924255
665c738a0fa99b0a682780f2_20260305_225050_69aa0631,certainty,67279fa0368ebc801eb5817a,It was expected but I was more hopeful that the cat was going to get the care it needed and this was a fairly easy fix.,0.0,0.20000000000000004,0.0,0.16666666666666669,0.8661652207374573
665c738a0fa99b0a682780f2_20260305_225050_69aa0631,certainty,697fbcfaae6bc29a56c28d58,"Yes, it did kinda.",0.0,0.05263157894736842,0.0,0.05263157894736842,0.8502432703971863
655fb104e3d55d460e274ddf_20260228_215919_69a362e2,relevance,5ee18255395f8655ae190e48,"It did a lot because I wouldn't mind if someone asked, I could prepare myself rather than worrying at the last minute.",0.0,0.08163265306122448,0.0,0.08163265306122448,0.8601623177528381
655fb104e3d55d460e274ddf_20260228_215919_69a362e2,relevance,5f96cb0772cd93035c5914fb,This really annoyed me.,0.0,0.06666666666666668,0.0,0.06666666666666668,0.8812770843505859
655fb104e3d55d460e274ddf_20260228_215919_69a362e2,relevance,66613916abcfcbe01b57b32a,It mattered a lot to me because it was my only food I had for work and they just had no respect for that at all and just disregarded who actually bought the food and just ate it all. I am feeling very upset and it made my day worse and also I feel disrespected by my roommate and now I cannot trust to leave food out in the kitchen and such I would be wanting to hide it now.,0.0,0.24528301886792456,0.07692307692307693,0.169811320754717,0.8842533230781555
655fb104e3d55d460e274ddf_20260228_215919_69a362e2,relevance,6996589ef8807b43043aef11,"It mattered a lot because I ended up not having any food! It was just for one meal, but still. It caused me a lot of discomfort.",0.0,0.33962264150943394,0.0392156862745098,0.2641509433962264,0.8820722103118896
655fb104e3d55d460e274ddf_20260228_215919_69a362e2,relevance,699a33aafbd53b2aec59393f,It mattered to me a lot because my food was stolen.,0.0,0.3243243243243243,0.05714285714285714,0.21621621621621623,0.9015021324157715
655fb104e3d55d460e274ddf_20260228_215919_69a362e2,congruence,5ee18255395f8655ae190e48,"It annoyed me rather, nothing helped here!",0.0,0.10256410256410256,0.0,0.10256410256410256,0.8526023626327515
655fb104e3d55d460e274ddf_20260228_215919_69a362e2,congruence,5f96cb0772cd93035c5914fb,It caused me to have distrust in my roommates.,0.0,0.24390243902439024,0.10256410256410256,0.24390243902439024,0.9039559364318848
655fb104e3d55d460e274ddf_20260228_215919_69a362e2,congruence,66613916abcfcbe01b57b32a,It hurt me because they just showed me that they don't care if I bought it and they just take it as its in the apartment so I can just eat it implying that they thought it was just for them to eat all of it till there was nomore left.,0.0,0.1904761904761905,0.024390243902439025,0.16666666666666669,0.8443328738212585
655fb104e3d55d460e274ddf_20260228_215919_69a362e2,congruence,6996589ef8807b43043aef11,"It only helped me see that my roommates are opportunistic jerks and that I need to be more careful. It hurt because I thought I could trust them, I thought that I had breakfast planned out and didn't need to worry about it and then ended up with nothing, and it hurt financially because the breakfast I paid for ended up going to someone else.",0.0,0.22448979591836735,0.041666666666666664,0.14285714285714285,0.8747661113739014
655fb104e3d55d460e274ddf_20260228_215919_69a362e2,congruence,699a33aafbd53b2aec59393f,It didn't help me at all. In fact I am very angry and frustrated for what my roommate has done to me. I have no money to buy any food.,0.0,0.25396825396825395,0.03278688524590164,0.19047619047619047,0.8773348927497864
655fb104e3d55d460e274ddf_20260228_215919_69a362e2,accountability,5ee18255395f8655ae190e48,the roommate,0.0,0.07142857142857144,0.0,0.07142857142857144,0.8712639808654785
655fb104e3d55d460e274ddf_20260228_215919_69a362e2,accountability,5f96cb0772cd93035c5914fb,My roommates were responsible.,0.0,0.06666666666666668,0.0,0.06666666666666668,0.8674851655960083
655fb104e3d55d460e274ddf_20260228_215919_69a362e2,accountability,66613916abcfcbe01b57b32a,I feel as it I and the roommate are both responsible. Me for leaving it out in the open where they could just visibly see it and my roommate for not asking first before just eating something that they did not buy.,0.0,0.2941176470588235,0.030303030303030304,0.17647058823529413,0.8589996099472046
655fb104e3d55d460e274ddf_20260228_215919_69a362e2,accountability,6996589ef8807b43043aef11,"My roommate! I guess I could just hide all my food in my room and not leave anything in the kitchen, but that's not really fair. They should know to just NOT eat food they didn't buy.",0.0,0.3384615384615385,0.0,0.1846153846153846,0.8755356669425964
655fb104e3d55d460e274ddf_20260228_215919_69a362e2,accountability,699a33aafbd53b2aec59393f,My roommate. Planning and making a meal for myself knowing that I will need it and someone just stole it is very annoying.,0.0,0.28571428571428575,0.0,0.12244897959183673,0.8779587745666504
655fb104e3d55d460e274ddf_20260228_215919_69a362e2,control,5ee18255395f8655ae190e48,No I did not because the roommate decided to do whatever they wanted to,0.0,0.1,0.052631578947368425,0.1,0.8658294677734375
655fb104e3d55d460e274ddf_20260228_215919_69a362e2,control,5f96cb0772cd93035c5914fb,No I didn't feel in control because my property was stolen.,0.0,0.2631578947368421,0.05555555555555555,0.2631578947368421,0.9072485566139221
655fb104e3d55d460e274ddf_20260228_215919_69a362e2,control,66613916abcfcbe01b57b32a,No I do not because it had already been done and I feel like it was just to late.,0.0,0.17777777777777778,0.046511627906976744,0.13333333333333333,0.8654825687408447
655fb104e3d55d460e274ddf_20260228_215919_69a362e2,control,6996589ef8807b43043aef11,"Not at all. I just walked out and saw the food missing- I didn't feel like I could do ANYTHING in that situation, especially with no money to buy something else.",0.0,0.1724137931034483,0.0,0.10344827586206896,0.8811055421829224
655fb104e3d55d460e274ddf_20260228_215919_69a362e2,control,699a33aafbd53b2aec59393f,I am in control,0.0,0.13333333333333336,0.0,0.13333333333333336,0.8694907426834106
655fb104e3d55d460e274ddf_20260228_215919_69a362e2,certainty,5ee18255395f8655ae190e48,"of course not, are you able to access what just happened?!1",0.0,0.09523809523809522,0.0,0.09523809523809522,0.84068763256073
655fb104e3d55d460e274ddf_20260228_215919_69a362e2,certainty,5f96cb0772cd93035c5914fb,I was shocked my roommates would do that.,0.0,0.15789473684210528,0.05555555555555555,0.15789473684210528,0.8832640051841736
655fb104e3d55d460e274ddf_20260228_215919_69a362e2,certainty,66613916abcfcbe01b57b32a,It was unexpected because I was just assuming that any food they didn't buy they would ask if they could have some,0.0,0.18867924528301885,0.0,0.11320754716981132,0.8634638786315918
655fb104e3d55d460e274ddf_20260228_215919_69a362e2,certainty,6996589ef8807b43043aef11,I expected them to leave my stuff alone! I don't touch their food. The audacity of stealing from someone you live with just absolutely astounded me.,0.0,0.28070175438596495,0.0,0.14035087719298248,0.8701695799827576
655fb104e3d55d460e274ddf_20260228_215919_69a362e2,certainty,699a33aafbd53b2aec59393f,No if I have I would have kept it safe,0.0,0.15,0.0,0.1,0.8447316288948059
