sample_id,situation,dimension,prediction,first_person_reference,third_person_reference_count,bleu_first,bleu_third_mean,bleu_third_best,bleu_third_median,bleu_mean_uplift,bleu_best_uplift,rouge-1_first,rouge-1_third_mean,rouge-1_third_best,rouge-1_third_median,rouge-1_mean_uplift,rouge-1_best_uplift,rouge-2_first,rouge-2_third_mean,rouge-2_third_best,rouge-2_third_median,rouge-2_mean_uplift,rouge-2_best_uplift,rouge-l_first,rouge-l_third_mean,rouge-l_third_best,rouge-l_third_median,rouge-l_mean_uplift,rouge-l_best_uplift,bertscore_first,bertscore_third_mean,bertscore_third_best,bertscore_third_median,bertscore_mean_uplift,bertscore_best_uplift
648a30a2847ab1c5fa5785f8_20260309_203417_69af2ada,"I volunteer at a pony charity that helps young people with learning disabilities experience riding. Recently, someone cut the fences, and the ponies escaped. We managed to retrieve them, but they had puncture wounds and were clearly traumatized. Now, the ponies need time to rest and heal, which means the children are missing out on this valuable experience. We have to cover the vet bills and repair the fences, so we've all come together to help the ponies recover and fix the damage. It's really sad to see the ponies and the children affected like this, but I'm relieved it wasn't worse, like a car accident involving the loose ponies.",accountability,"The person who cut the fences was most responsible for all of this. Their actions directly led to the escape, injuries, and the subsequent need for repairs and care.",Person or persons unknown.,5,0.0,0.0,0.0,0.0,0.0,0.0,0.0606060606060606,0.23426639810608144,0.4,0.18604651162790697,0.17366033750002083,0.3393939393939394,0.0,0.06791171477079797,0.21052631578947364,0.0,0.06791171477079797,0.21052631578947364,0.0606060606060606,0.18587921659833256,0.25000000000000006,0.18604651162790697,0.12527315599227196,0.18939393939393945,0.8382522463798523,0.8825742125511169,0.9047004580497742,0.8898999094963074,0.044321966171264604,0.06644821166992188
5c3cb9759883d4000141f800_20260305_223557_69aa00fc,"I was informed that a work colleague had passed away suddenly. I had been speaking to him just the other week and he seemed very well. Initially, I was shocked when I found out. It made me think of all the times we’d spent working together, and I felt sad. I felt a mixture of great memories but also a reminder that we shouldn’t take anything for granted; life is precious. I also had thoughts of his family and how they must be affected by this news.",congruence,"The situation hurt me by reminding me of the fragility of life and the sudden loss of someone I knew. It made me think about my own family and how they must be affected by this news, which added to my sadness.",It was shock more than anything else but focused on the good times we’d spent together at work and the laughs we had shared.,5,0.0,0.015965977981346142,0.0798298899067307,0.0,0.015965977981346142,0.0798298899067307,0.11940298507462685,0.25458306749443144,0.35294117647058826,0.23728813559322035,0.1351800824198046,0.2335381913959614,0.030769230769230767,0.07749424217718448,0.10526315789473682,0.07272727272727274,0.04672501140795371,0.07449392712550605,0.08955223880597014,0.19315168589814344,0.25882352941176473,0.20338983050847456,0.1035994470921733,0.1692712906057946,0.8528618812561035,0.8924131155014038,0.9062598347663879,0.8872050642967224,0.03955123424530027,0.053397953510284424
66a426bcd6c66d59e395617b_20260302_155945_69a5b18a,"A close family member, my cousin, passed away, and I was unable to attend the funeral because I was sick. I really wanted to be there, but my illness kept me from going. Not being able to attend made me feel guilty, like I should have gone anyways despite being sick, and I felt selfish for not being there.",certainty,"Things did not go as I expected because I was unable to attend the funeral due to being sick. I had hoped to be there to pay my respects and support my family, but my illness prevented that.",Things went as expected as they could have went.,5,0.0,0.0656255489326019,0.1885701897725203,0.0,0.0656255489326019,0.1885701897725203,0.12765957446808512,0.32404429348767894,0.48484848484848486,0.3333333333333333,0.1963847190195938,0.35718891038039974,0.0,0.12250892562193479,0.21875,0.10344827586206896,0.12250892562193479,0.21875,0.12765957446808512,0.2710810545408334,0.3939393939393939,0.26666666666666666,0.1434214800727483,0.2662798194713088,0.8513762950897217,0.8893961429595947,0.9098827242851257,0.9008377194404602,0.038019847869873,0.05850642919540405
66a426bcd6c66d59e395617b_20260302_155945_69a5b18a,"A close family member, my cousin, passed away, and I was unable to attend the funeral because I was sick. I really wanted to be there, but my illness kept me from going. Not being able to attend made me feel guilty, like I should have gone anyways despite being sick, and I felt selfish for not being there.",congruence,"The situation hurt me by making me feel guilty and selfish for not being able to attend. It left me feeling disconnected from the grieving process and unable to offer support in person, which I value deeply.",Thoughts of me not being there for her sometimes come up in my mind. I spent 3 days in bed mourning the loss but feel like if I went it wouldn't have been as hard to deal with.,5,0.0,0.014349260557980945,0.07174630278990472,0.0,0.014349260557980945,0.07174630278990472,0.2631578947368421,0.28089622749684673,0.35294117647058826,0.26666666666666666,0.017738332760004638,0.08978328173374617,0.02702702702702703,0.0934190768180916,0.163265306122449,0.08333333333333333,0.06639204979106457,0.13623827909542197,0.13157894736842105,0.20071092764591217,0.2745098039215686,0.2,0.06913198027749112,0.14293085655314755,0.8632331490516663,0.8999649405479431,0.9188395142555237,0.8980380892753601,0.03673179149627681,0.05560636520385742
5b51c33d026602000178b5ec_20260228_144002_69a2fa65,"My daughter was accepted back into high school this week after being homeschooled for approximately six months. We tried to get her into the school of her choice because she was missing the social aspect of friends and sports, and we finally received our offer this week. I was elated and nervous for her, with my emotions being up and down. It was definitely what she wants.",certainty,"Things went better than expected. We had tried to get her into the school of her choice, and while there were uncertainties, we finally received an offer this week, which was a positive surprise.",So far yes.,5,0.0,0.0,0.0,0.0,0.0,0.0,0.0,0.10958988590810978,0.23076923076923078,0.10256410256410256,0.10958988590810978,0.23076923076923078,0.0,0.026810810810810815,0.08,0.0,0.026810810810810815,0.08,0.0,0.07800232453331436,0.11538461538461539,0.08695652173913045,0.07800232453331436,0.11538461538461539,0.8403059840202332,0.8765398502349854,0.8875744342803955,0.8771898150444031,0.03623386621475222,0.047268450260162354
6631dd70c1393b01137d8453_20260228_163013_69a31305,"I was informed that I had received a promotion at work, which meant I would be working my last week at the store I was currently at. I was trying to improve my standing in the organization with this promotion, and I needed positive reinforcement from my employees and peers. Overall, I felt positive about the promotion, but it was also bittersweet because I had grown close to a lot of the employees at my old location, and I will miss them. It was important to me to receive validation from my former employees that they enjoyed working with me and felt I did a good job.",accountability,"I felt that both myself and the organization were most responsible for this situation. My hard work and dedication led to the promotion, while the organization's decision to move me reflected their recognition of my contributions.","Myself, my employees, my peers, my supervisors.",5,0.0,0.0,0.0,0.0,0.0,0.0,0.13636363636363638,0.20141876430205952,0.3157894736842105,0.2,0.06505512793842314,0.17942583732057413,0.0,0.02823505323505323,0.05405405405405406,0.041666666666666664,0.02823505323505323,0.05405405405405406,0.13636363636363638,0.16297482837528604,0.21052631578947367,0.17391304347826086,0.02661119201164966,0.07416267942583729,0.8550297021865845,0.8855258464813233,0.910255491733551,0.8798864483833313,0.030496144294738792,0.05522578954696655
5a764e848fe2dc000105739c_20260301_143615_69a44b6b,"I met up with some old friends from my past at a beerex and spent the evening chatting about the past and what we are doing today. We all got something positive from the evening and decided we would like to repeat it the following year. I felt rather good because not only did we all enjoy ourselves, I felt particularly good knowing I contributed in the past to their being friends today. I also had my brother there and my best friend who also knew these people, and they also enjoyed the evening.",certainty,"Things went better than I expected. Not only did we all enjoy ourselves, but we also decided to repeat the gathering the following year, which was a positive surprise.",Originally we had to sit at a table near the live music but this was not conducive to conversation so we eventually moved to the quiet room and after that we converse with no loud music in the background.,5,0.0,0.0,0.0,0.0,0.0,0.0,0.2647058823529412,0.19956224350205198,0.28,0.18604651162790697,-0.0651436388508892,0.015294117647058847,0.0,0.06392276422764227,0.125,0.0625,0.06392276422764227,0.125,0.17647058823529413,0.18225991792065663,0.24000000000000002,0.17647058823529413,0.005789329685362499,0.06352941176470589,0.8647390604019165,0.8927587866783142,0.9162716865539551,0.8904248476028442,0.028019726276397705,0.051532626152038574
655fb104e3d55d460e274ddf_20260228_215919_69a362e2,"One of my roommates ate my food, and this time it was my entire box of Quaker oatmeal. I wanted to take that particular food to work because it's easy to just heat up and go. I was upset and ended up being hangry since I didn't have money to buy food. I have a lot of roommates, and I was frustrated because they could have just asked for some instead of stealing.",control,"I felt no control in this situation because I couldn't stop my roommate from taking my food, and I had no say in the matter once it happened. I was left to deal with the consequences.",No because they stole it likely when I wasn’t home so idk which one didn’t.,5,0.0,0.0,0.0,0.0,0.0,0.0,0.18518518518518517,0.2754841703383368,0.34782608695652173,0.3214285714285714,0.0902989851531516,0.16264090177133655,0.0,0.007407407407407407,0.037037037037037035,0.0,0.007407407407407407,0.037037037037037035,0.14814814814814817,0.17648367936782347,0.25,0.17391304347826086,0.028335531219675303,0.10185185185185183,0.8510547876358032,0.8781407594680786,0.9041515588760376,0.869495689868927,0.027085971832275346,0.053096771240234375
60e85190b9cffd8fed0a064f_20260306_144837_69aae582,"My dad has prostate cancer and recently had his yearly blood test. The results came back, and unfortunately, his condition had worsened. He was supposed to receive a phone call from his doctor on a specific day to discuss the results, but the call never came. I was really worried about what would happen next and was hoping for some clarity and communication from the doctor regarding my dad's condition. The situation left me feeling annoyed and still worrying, which could have been avoided if the doctor had called as planned. Since it's cancer, time is always crucial. The quicker they act, the better the chances of it being able to be helped.",accountability,"I felt that the doctor was most responsible for all of this. They were supposed to call with the results, but they didn't, leaving me and my dad in the dark about the situation.",I am not sure it might have been the Doctor or his office.,5,0.0,0.027960026913329394,0.13980013456664697,0.0,0.027960026913329394,0.13980013456664697,0.12500000000000003,0.2741301629700748,0.4545454545454545,0.34782608695652173,0.14913016297007478,0.3295454545454545,0.04347826086956522,0.09521645021645023,0.22727272727272727,0.06666666666666667,0.051738189346885004,0.18379446640316205,0.12500000000000003,0.1744234181020396,0.34782608695652173,0.1818181818181818,0.04942341810203957,0.2228260869565217,0.865384578704834,0.8914394617080689,0.9261812567710876,0.8845589756965637,0.026054883003234885,0.06079667806625366
62f18c2d37a5f255f351b61d_20260301_155946_69a45f74,"My father died, and it was a moment that brought up a lot of emotions for me. We had a very complicated relationship over the years, and I found myself wanting answers that nobody could really give me—not even him. Sometimes, I felt almost void of anything, and then there would be a rush of sadness or a rush of joy. What mattered most to me was that at the end of his life, I forgave him, and we had the relationship that we deserved.",control,"I did not feel in control during the initial moments of grief, as death is an uncontrollable event. However, over time, I felt more in control of how I processed the emotions and decided to forgive him. I could control my response and the narrative I created around our relationship in the end.","I was in control of me, for the most part. I was given a warm and loving home and raised by my mom's mom and her brother and sister.",5,0.0,0.01081092762299107,0.054054638114955346,0.0,0.01081092762299107,0.054054638114955346,0.21686746987951805,0.21827596432533447,0.2666666666666667,0.2558139534883721,0.0014084944458164217,0.04979919678714867,0.04938271604938272,0.05654491627094367,0.09230769230769231,0.060606060606060615,0.007162200221560951,0.04292497625830959,0.19277108433734938,0.18599324658707636,0.24,0.20895522388059704,-0.006777837750273019,0.04722891566265061,0.8570302128791809,0.8827657222747802,0.889344334602356,0.8835034370422363,0.02573550939559932,0.03231412172317505
5c3cb9759883d4000141f800_20260305_223557_69aa00fc,"I was informed that a work colleague had passed away suddenly. I had been speaking to him just the other week and he seemed very well. Initially, I was shocked when I found out. It made me think of all the times we’d spent working together, and I felt sad. I felt a mixture of great memories but also a reminder that we shouldn’t take anything for granted; life is precious. I also had thoughts of his family and how they must be affected by this news.",relevance,"The event mattered a lot to me because I had been speaking to the colleague just the other week, and he seemed very well. It made me think of all the times we’d spent working together, and I felt sad. It also made me reflect on how precious life is and not take anything for granted.","I was told a week past Monday that he’d passed on the suddenly on the Sunday, at first I couldn’t believe what I was hearing.",5,0.0,0.0,0.0,0.0,0.0,0.0,0.21428571428571427,0.23930844506605337,0.44444444444444436,0.24528301886792456,0.025022730780339092,0.2301587301587301,0.0,0.05093049078392183,0.12658227848101267,0.06140350877192982,0.05093049078392183,0.12658227848101267,0.11904761904761904,0.1614543159736075,0.2962962962962963,0.16037735849056603,0.042406696925988446,0.17724867724867724,0.8541074991226196,0.8792100787162781,0.914402186870575,0.869982123374939,0.02510257959365847,0.06029468774795532
648a30a2847ab1c5fa5785f8_20260309_203417_69af2ada,"I volunteer at a pony charity that helps young people with learning disabilities experience riding. Recently, someone cut the fences, and the ponies escaped. We managed to retrieve them, but they had puncture wounds and were clearly traumatized. Now, the ponies need time to rest and heal, which means the children are missing out on this valuable experience. We have to cover the vet bills and repair the fences, so we've all come together to help the ponies recover and fix the damage. It's really sad to see the ponies and the children affected like this, but I'm relieved it wasn't worse, like a car accident involving the loose ponies.",congruence,"The situation hurt us by causing emotional distress and financial strain due to vet bills and fence repairs. It also meant the children were missing out on a meaningful experience. However, it helped bring the community together to support the ponies and fix the damage.",It hurt that someone was so thoughtless.,5,0.0,0.02720380267885026,0.1360190133942513,0.0,0.02720380267885026,0.1360190133942513,0.07692307692307693,0.19141039037590762,0.37777777777777777,0.13793103448275862,0.1144873134528307,0.30085470085470084,0.0,0.03657505285412262,0.13636363636363635,0.0,0.03657505285412262,0.13636363636363635,0.038461538461538464,0.14646089542641266,0.26666666666666666,0.13793103448275862,0.1079993569648742,0.2282051282051282,0.8506969809532166,0.8735362768173218,0.8900867700576782,0.8715716004371643,0.02283929586410527,0.03938978910446167
5a764e848fe2dc000105739c_20260301_143615_69a44b6b,"I met up with some old friends from my past at a beerex and spent the evening chatting about the past and what we are doing today. We all got something positive from the evening and decided we would like to repeat it the following year. I felt rather good because not only did we all enjoy ourselves, I felt particularly good knowing I contributed in the past to their being friends today. I also had my brother there and my best friend who also knew these people, and they also enjoyed the evening.",relevance,The event mattered a lot to me because it allowed me to reconnect with old friends and reflect on the past. It was significant not only for the enjoyment of the evening but also for the realization that I had contributed to their current friendships. Having my brother and best friend there added to the importance of the occasion.,It mattered as I hardly ever see these people and it is always good to catch up.,5,0.0,0.02499361022839621,0.07576871174258416,0.0,0.02499361022839621,0.07576871174258416,0.15789473684210525,0.2572084688349517,0.32967032967032966,0.21739130434782608,0.09931373199284643,0.1717755928282244,0.0,0.09461620179744264,0.1797752808988764,0.09523809523809525,0.09461620179744264,0.1797752808988764,0.10526315789473684,0.20984935107323635,0.2857142857142857,0.21621621621621623,0.10458619317849951,0.18045112781954886,0.869954526424408,0.8918814778327941,0.9002402424812317,0.8880411386489868,0.021926951408386186,0.03028571605682373
57fa9d61bd8a970001fde2c6_20260301_180805_69a47e3e,"My friend was talking about the anniversary of the death of her husband, who was also my friend. It was nice to recall good memories rather than dwelling on their actual death. There was a slight feeling of sadness that they were no longer here, but it was also uplifting to reminisce and share our feelings. It was important to me that my friend felt comfortable talking about it with me.",accountability,No one was specifically responsible; it was just a natural occurrence of remembering someone who has passed away.,We were discussing a holiday that we have booked for this summer and my friend recalled memories of when she visited this destination with her husband.,5,0.0,0.0,0.0,0.0,0.0,0.0,0.09090909090909093,0.11293776474421635,0.12903225806451615,0.12000000000000002,0.022028673835125426,0.03812316715542523,0.0,0.008333333333333333,0.041666666666666664,0.0,0.008333333333333333,0.041666666666666664,0.09090909090909093,0.08970544151189312,0.12903225806451615,0.08333333333333333,-0.0012036493971978035,0.03812316715542523,0.8474201560020447,0.8672739863395691,0.8763436675071716,0.8666388988494873,0.019853830337524414,0.028923511505126953
5abbe13268b65b00018cf94b_20260227_172233_69a1d127,"I passed my final probation at work, which means I'm now an early career teacher and can move up the pay scale. This whole experience has left me feeling proud and relieved. It was really important to me to maintain my high standards throughout the probation period, and the pay rise is also a significant factor for me. Teaching is my passion, and I find immense joy in inspiring and educating my students. Being able to continue doing what I love while advancing in my career is incredibly fulfilling.",relevance,"The event mattered a great deal to me because it represents a significant milestone in my career. Passing my final probation means I am now recognized as an early career teacher, which allows me to move up the pay scale. This was really important to me as I wanted to maintain my high standards throughout the probation period, and the potential pay rise is a significant factor for me. Teaching is my passion, and I find immense joy in inspiring and educating my students. Being able to continue doing what I love while advancing in my career is incredibly fulfilling.",It was today. I was in my classroom. It mattered a great deal to me because it was a moment that was long awaited.,5,0.07588053729240274,0.04462632471611974,0.2231316235805987,0.0,-0.031254212576283,0.14725108628819597,0.20967741935483872,0.2848386297404178,0.5194805194805194,0.24793388429752064,0.07516121038557907,0.3098031001256807,0.13114754098360656,0.1262334827356094,0.3552631578947368,0.08403361344537816,-0.004914058247997177,0.22411561691113022,0.16129032258064516,0.21526472376561762,0.42857142857142855,0.17187499999999997,0.05397440118497246,0.26728110599078336,0.8678646683692932,0.8864364743232727,0.9107943773269653,0.8823621869087219,0.018571805953979448,0.04292970895767212
648a30a2847ab1c5fa5785f8_20260309_203417_69af2ada,"I volunteer at a pony charity that helps young people with learning disabilities experience riding. Recently, someone cut the fences, and the ponies escaped. We managed to retrieve them, but they had puncture wounds and were clearly traumatized. Now, the ponies need time to rest and heal, which means the children are missing out on this valuable experience. We have to cover the vet bills and repair the fences, so we've all come together to help the ponies recover and fix the damage. It's really sad to see the ponies and the children affected like this, but I'm relieved it wasn't worse, like a car accident involving the loose ponies.",control,"I did not feel in control because once the fences were cut, the situation escalated quickly. We had to act to retrieve the ponies and manage the aftermath, but we couldn't prevent the initial act of vandalism.",No not in control at all.,5,0.0,0.023470689525797193,0.11735344762898596,0.0,0.023470689525797193,0.11735344762898596,0.13636363636363635,0.25678357112825634,0.47058823529411764,0.24691358024691357,0.12041993476461998,0.3342245989304813,0.047619047619047616,0.07696969696969698,0.21212121212121213,0.05,0.029350649350649363,0.1645021645021645,0.13636363636363635,0.2193834258849739,0.3823529411764707,0.14814814814814817,0.08301978952133754,0.24598930481283432,0.8671681880950928,0.8852129459381104,0.9141396880149841,0.8858514428138733,0.018044757843017623,0.04697149991989136
62f18c2d37a5f255f351b61d_20260301_155946_69a45f74,"My father died, and it was a moment that brought up a lot of emotions for me. We had a very complicated relationship over the years, and I found myself wanting answers that nobody could really give me—not even him. Sometimes, I felt almost void of anything, and then there would be a rush of sadness or a rush of joy. What mattered most to me was that at the end of his life, I forgave him, and we had the relationship that we deserved.",certainty,"Things did not go as I expected in terms of getting answers or closure. The situation was more about coming to terms with the past and finding peace rather than expecting specific outcomes. The unexpected part was the emotional rollercoaster of feeling void, sadness, and joy all at once.",What is lived and what I know is all I know. I guess everything that has happened was expected.,5,0.0,0.0,0.0,0.0,0.0,0.0,0.14705882352941177,0.16886557877184233,0.22222222222222224,0.1764705882352941,0.02180675524243056,0.07516339869281047,0.0,0.01774504102862312,0.030303030303030304,0.028571428571428574,0.01774504102862312,0.030303030303030304,0.0588235294117647,0.1386776702751103,0.19444444444444445,0.14492753623188406,0.07985414086334561,0.13562091503267976,0.8506082892417908,0.868587327003479,0.8825488686561584,0.8689523339271545,0.017979037761688188,0.031940579414367676
66a426bcd6c66d59e395617b_20260302_155945_69a5b18a,"A close family member, my cousin, passed away, and I was unable to attend the funeral because I was sick. I really wanted to be there, but my illness kept me from going. Not being able to attend made me feel guilty, like I should have gone anyways despite being sick, and I felt selfish for not being there.",accountability,"I felt that my illness was most responsible for all of this, as it was beyond my control and kept me from being there.",Me being sick.,5,0.0,0.0,0.0,0.0,0.0,0.0,0.14814814814814814,0.20126168248889037,0.32653061224489793,0.24242424242424243,0.05311353434074223,0.1783824640967498,0.0,0.059181503761422206,0.12903225806451613,0.0392156862745098,0.059181503761422206,0.12903225806451613,0.14814814814814814,0.1937145126775696,0.32653061224489793,0.22641509433962265,0.04556636452942145,0.1783824640967498,0.8709017038345337,0.888265073299408,0.896709144115448,0.8925499320030212,0.017363369464874268,0.025807440280914307
5b51c33d026602000178b5ec_20260228_144002_69a2fa65,"My daughter was accepted back into high school this week after being homeschooled for approximately six months. We tried to get her into the school of her choice because she was missing the social aspect of friends and sports, and we finally received our offer this week. I was elated and nervous for her, with my emotions being up and down. It was definitely what she wants.",relevance,The event mattered a great deal to me because it involved my daughter's return to high school after being homeschooled for six months. It was important to her social needs and her desire to be part of a school community with friends and sports.,This happened on Tuesday last week and it really matters as she was bullied at her previous school so I understand going back will be a challenge.,5,0.0,0.0,0.0,0.0,0.0,0.0,0.19444444444444445,0.3103272096083189,0.38805970149253727,0.3278688524590164,0.11588276516387444,0.19361525704809282,0.0,0.12485914917672276,0.1846153846153846,0.13559322033898305,0.12485914917672276,0.1846153846153846,0.13888888888888887,0.2534632125324456,0.35820895522388063,0.2388059701492537,0.11457432364355671,0.21932006633499176,0.8728005886077881,0.8866550087928772,0.8954702615737915,0.8931542634963989,0.013854420185089089,0.022669672966003418
643ebfff661435ecda5a3580_20260228_190856_69a33952_c5,"A dear friend of mine had a terrible accident where she fell and broke her neck in two places, along with her tailbone, hip, and pelvis. She also has COPD, and the hospital overdosed her twice, making her oxygen levels very bad and hard to control. I've been following her situation closely and talking to her, but she's not out of the woods yet. I sent her a bear that says 'I f...... love you,' which is a good support for her neck and cheers her up. It's tough because I live in Michigan and she lives in Oklahoma, so I can't see her in person. I have COPD too, so I guess I'm more worried about the pain she's going through and the unstable oxygen levels she's experiencing, along with her lungs filling up. I just don't want her to be in pain.",accountability,"No one is directly responsible for this situation. It was an accident where she fell, and the complications arose from her pre-existing health conditions and the hospital's management of her care. There's no one to blame; it's just a tragic combination of circumstances.",I feel bad because her foot went asleep while we were talking on the phone for about 2 hours. She got up and fell.,5,0.0,0.0,0.0,0.0,0.0,0.0,0.16901408450704225,0.18797448165869218,0.3508771929824561,0.16666666666666669,0.018960397151649933,0.18186310847541387,0.0,0.05090909090909092,0.14545454545454548,0.0,0.05090909090909092,0.14545454545454548,0.08450704225352113,0.1399043062200957,0.24561403508771928,0.10526315789473684,0.05539726396657457,0.16110699283419816,0.8566895723342896,0.8703332781791687,0.8950693011283875,0.8685867190361023,0.013643705844879173,0.0383797287940979
643ebfff661435ecda5a3580_20260228_190856_69a33952_c5,"A dear friend of mine had a terrible accident where she fell and broke her neck in two places, along with her tailbone, hip, and pelvis. She also has COPD, and the hospital overdosed her twice, making her oxygen levels very bad and hard to control. I've been following her situation closely and talking to her, but she's not out of the woods yet. I sent her a bear that says 'I f...... love you,' which is a good support for her neck and cheers her up. It's tough because I live in Michigan and she lives in Oklahoma, so I can't see her in person. I have COPD too, so I guess I'm more worried about the pain she's going through and the unstable oxygen levels she's experiencing, along with her lungs filling up. I just don't want her to be in pain.",relevance,"The event mattered a great deal to me because this friend is very dear to me. Her accident involved multiple severe injuries, including a broken neck in two places, along with her tailbone, hip, and pelvis. Additionally, she has COPD, which complicates her situation further. The hospital's handling of her oxygen levels, where they overdosed her twice, made things even more precarious. It's tough because I live in Michigan and she lives in Oklahoma, so I can't see her in person to offer support directly. I have COPD too, so I'm more worried about the pain she's going through and the unstable oxygen levels she's experiencing, along with her lungs filling up. I just don't want her to be in pain.","The event happened on February 18 at around 5:00. It mattered to me greatly because I was totally shocked and dismayed. It hurt me because I couldn't be there and I couldn't care for her. I think I was put on this earth to care for people and animals. I cared and helped take care of my BFF for years, my father, my mother, and a few others. I enjoy taking care of them.",5,0.0,0.0,0.0,0.0,0.0,0.0,0.2439024390243902,0.15765829689277405,0.174496644295302,0.17333333333333334,-0.08624414213161616,-0.0694057947290882,0.03940886699507389,0.045903417491053804,0.07547169811320754,0.042253521126760556,0.006494550495979912,0.03606283111813365,0.175609756097561,0.11009326477157036,0.12765957446808512,0.12080536912751677,-0.06551649132599063,-0.04795018162947587,0.8448375463485718,0.8576387166976929,0.8678056001663208,0.8553231358528137,0.012801170349121094,0.022968053817749023
655fb104e3d55d460e274ddf_20260228_215919_69a362e2,"One of my roommates ate my food, and this time it was my entire box of Quaker oatmeal. I wanted to take that particular food to work because it's easy to just heat up and go. I was upset and ended up being hangry since I didn't have money to buy food. I have a lot of roommates, and I was frustrated because they could have just asked for some instead of stealing.",relevance,"The event mattered a lot to me because it was my entire box of Quaker oatmeal, which I intended to take to work for convenience. It was frustrating because I didn't have money to buy more food, and I felt my property was disrespected.",It happened on a Tuesday and it matters because I need to eat.,5,0.0,0.02017800776070585,0.10089003880352924,0.0,0.02017800776070585,0.10089003880352924,0.24137931034482757,0.2637173269307723,0.3571428571428571,0.33333333333333337,0.022338016585944753,0.11576354679802953,0.03571428571428572,0.07906146247609662,0.14634146341463417,0.07407407407407407,0.0433471767618109,0.11062717770034844,0.1724137931034483,0.19550182739762573,0.28800000000000003,0.2222222222222222,0.02308803429417744,0.11558620689655175,0.8665631413459778,0.8792107462882995,0.9046537280082703,0.8769421577453613,0.012647604942321755,0.03809058666229248
66a426bcd6c66d59e395617b_20260302_155945_69a5b18a,"A close family member, my cousin, passed away, and I was unable to attend the funeral because I was sick. I really wanted to be there, but my illness kept me from going. Not being able to attend made me feel guilty, like I should have gone anyways despite being sick, and I felt selfish for not being there.",relevance,"The event mattered a lot to me because it involved a close family member, my cousin, passing away. It was significant due to the loss and the desire to be present for the funeral, which is a meaningful ritual for grieving and supporting family.",It happened 2 weeks ago and it mattered to me a great deal.,5,0.0,0.016636906484233854,0.08318453242116927,0.0,0.016636906484233854,0.08318453242116927,0.2456140350877193,0.3067854217854218,0.37499999999999994,0.30303030303030304,0.06117138669770247,0.12938596491228063,0.03636363636363636,0.12633774599310205,0.16666666666666666,0.11320754716981132,0.08997410962946568,0.1303030303030303,0.14035087719298245,0.23368652743652746,0.3125,0.21875,0.09333565024354501,0.17214912280701755,0.8800831437110901,0.8914116263389588,0.9147809743881226,0.883680522441864,0.011328482627868675,0.03469783067703247
5a764e848fe2dc000105739c_20260301_143615_69a44b6b,"I met up with some old friends from my past at a beerex and spent the evening chatting about the past and what we are doing today. We all got something positive from the evening and decided we would like to repeat it the following year. I felt rather good because not only did we all enjoy ourselves, I felt particularly good knowing I contributed in the past to their being friends today. I also had my brother there and my best friend who also knew these people, and they also enjoyed the evening.",accountability,"I felt that everyone involved was equally responsible for the positive outcome. My past actions in helping these friends become friends today played a role, but so did their willingness to reconnect and enjoy the evening together.",It was all down to me who suggested the gathering.,5,0.0,0.0,0.0,0.0,0.0,0.0,0.12765957446808512,0.23671554252199414,0.2909090909090909,0.2545454545454546,0.10905596805390902,0.16324951644100577,0.0,0.013146551724137931,0.034482758620689655,0.0,0.013146551724137931,0.034482758620689655,0.12765957446808512,0.16905180840664713,0.23333333333333334,0.15151515151515152,0.041392233938562006,0.10567375886524821,0.8665720224380493,0.8775402426719665,0.8870687484741211,0.8770358562469482,0.010968220233917192,0.020496726036071777
6631dd70c1393b01137d8453_20260228_163013_69a31305,"I was informed that I had received a promotion at work, which meant I would be working my last week at the store I was currently at. I was trying to improve my standing in the organization with this promotion, and I needed positive reinforcement from my employees and peers. Overall, I felt positive about the promotion, but it was also bittersweet because I had grown close to a lot of the employees at my old location, and I will miss them. It was important to me to receive validation from my former employees that they enjoyed working with me and felt I did a good job.",congruence,"The situation helped me by advancing my career and providing an opportunity to take on new responsibilities. However, it also hurt me emotionally because I would be leaving behind people I had grown close to, which created a sense of loss and nostalgia.",It helped me financially as I will be making more money. My new store is closer to home so I will have less of a drive and it helped me achieve a goal. There’s much more pressure on performance and setting up a new store will be intense and require many hours at first.,5,0.0,0.013188232774521188,0.06594116387260594,0.0,0.013188232774521188,0.06594116387260594,0.30612244897959184,0.2381990695842245,0.3218390804597701,0.2692307692307693,-0.06792337939536736,0.015716631480178267,0.020833333333333332,0.05683818031095096,0.16,0.03508771929824561,0.03600484697761763,0.13916666666666666,0.16326530612244897,0.15979716108295886,0.23076923076923078,0.16091954022988506,-0.0034681450394901114,0.06750392464678182,0.8758121728897095,0.8867450952529907,0.9043776392936707,0.888300359249115,0.01093292236328125,0.02856546640396118
60e85190b9cffd8fed0a064f_20260306_144837_69aae582,"My dad has prostate cancer and recently had his yearly blood test. The results came back, and unfortunately, his condition had worsened. He was supposed to receive a phone call from his doctor on a specific day to discuss the results, but the call never came. I was really worried about what would happen next and was hoping for some clarity and communication from the doctor regarding my dad's condition. The situation left me feeling annoyed and still worrying, which could have been avoided if the doctor had called as planned. Since it's cancer, time is always crucial. The quicker they act, the better the chances of it being able to be helped.",certainty,"Things did not go as I expected. My dad was supposed to receive a phone call from his doctor on a specific day to discuss the results, but the call never came. This lack of communication left me in a state of uncertainty and worry, which could have been avoided if the doctor had followed through with the planned call.",Finally someone phoned back and apologised and said it should never have happened but that the Dr was away for nearly the whole month so my Dad has to wait until the end of the month now before he goes for an appointment at the hospital.,5,0.0,0.009746292740185177,0.04873146370092589,0.0,0.009746292740185177,0.04873146370092589,0.24528301886792453,0.2038521946369242,0.282051282051282,0.1951219512195122,-0.041430824231000335,0.036768263183357464,0.019230769230769232,0.054383682129165244,0.08955223880597016,0.05,0.03515291289839601,0.07032146957520093,0.13207547169811318,0.1622317745594522,0.23076923076923075,0.14634146341463417,0.030156302861339024,0.09869375907111758,0.8648662567138672,0.8756186008453369,0.8857914805412292,0.878853976726532,0.010752344131469749,0.02092522382736206
5abbe13268b65b00018cf94b_20260227_172233_69a1d127,"I passed my final probation at work, which means I'm now an early career teacher and can move up the pay scale. This whole experience has left me feeling proud and relieved. It was really important to me to maintain my high standards throughout the probation period, and the pay rise is also a significant factor for me. Teaching is my passion, and I find immense joy in inspiring and educating my students. Being able to continue doing what I love while advancing in my career is incredibly fulfilling.",control,"I felt a good degree of control because I could manage my preparation, lesson planning, and interactions with students. While I couldn't control external factors, I was in control of my performance and the quality of my teaching, which were the key factors in passing my probation.","I did, however external observations made me doubt the outcome occasionally.",5,0.0,0.011324341166752506,0.056621705833762526,0.0,0.011324341166752506,0.056621705833762526,0.10169491525423728,0.15000700902033648,0.2153846153846154,0.13114754098360656,0.0483120937660992,0.11368970013037812,0.0,0.06067711652011385,0.14035087719298245,0.03389830508474576,0.06067711652011385,0.14035087719298245,0.10169491525423728,0.12424538793932591,0.20338983050847456,0.13114754098360656,0.022550472685088627,0.10169491525423728,0.8630883693695068,0.8735830903053283,0.8880972862243652,0.8747673034667969,0.010494720935821489,0.0250089168548584
60e85190b9cffd8fed0a064f_20260306_144837_69aae582,"My dad has prostate cancer and recently had his yearly blood test. The results came back, and unfortunately, his condition had worsened. He was supposed to receive a phone call from his doctor on a specific day to discuss the results, but the call never came. I was really worried about what would happen next and was hoping for some clarity and communication from the doctor regarding my dad's condition. The situation left me feeling annoyed and still worrying, which could have been avoided if the doctor had called as planned. Since it's cancer, time is always crucial. The quicker they act, the better the chances of it being able to be helped.",congruence,The situation hurt me by increasing my worry and anxiety about my dad's health. It also made me feel helpless because I couldn't get the information I needed to understand what would happen next. The lack of clarity and communication from the doctor obstructed my ability to prepare or take any action that might help my dad.,It hurt that they hadn't even bothered to let him know that they wouldn't be keeping the appointment.,5,0.0,0.023909771961086734,0.060256638605265506,0.0,0.023909771961086734,0.060256638605265506,0.1518987341772152,0.24610157329019633,0.3461538461538462,0.21686746987951805,0.09420283911298113,0.194255111976631,0.0,0.06152537368223643,0.12345679012345678,0.06153846153846154,0.06152537368223643,0.12345679012345678,0.10126582278481014,0.1642484120012706,0.21153846153846156,0.15217391304347827,0.06298258921646047,0.11027263875365143,0.8627848029136658,0.8727286696434021,0.884082019329071,0.8707758784294128,0.00994386672973635,0.021297216415405273
5b51c33d026602000178b5ec_20260228_144002_69a2fa65,"My daughter was accepted back into high school this week after being homeschooled for approximately six months. We tried to get her into the school of her choice because she was missing the social aspect of friends and sports, and we finally received our offer this week. I was elated and nervous for her, with my emotions being up and down. It was definitely what she wants.",congruence,"The situation helped my daughter by allowing her to re-engage with the social aspects of school life, including friends and sports, which she had been missing. It also aligned with her personal wishes, making it a supportive and positive development for her.",It helped because it's exactly what she is after.,5,0.0,0.0,0.0,0.0,0.0,0.0,0.1509433962264151,0.1680217492884754,0.21428571428571427,0.16949152542372883,0.01707835306206032,0.06334231805929919,0.0,0.02910508594719121,0.037037037037037035,0.03636363636363636,0.02910508594719121,0.037037037037037035,0.07547169811320754,0.11923665094940741,0.17857142857142855,0.10526315789473685,0.04376495283619987,0.103099730458221,0.8628655672073364,0.8727024912834167,0.8836577534675598,0.8810017108917236,0.009836924076080278,0.02079218626022339
5abbe13268b65b00018cf94b_20260227_172233_69a1d127,"I passed my final probation at work, which means I'm now an early career teacher and can move up the pay scale. This whole experience has left me feeling proud and relieved. It was really important to me to maintain my high standards throughout the probation period, and the pay rise is also a significant factor for me. Teaching is my passion, and I find immense joy in inspiring and educating my students. Being able to continue doing what I love while advancing in my career is incredibly fulfilling.",congruence,"The situation has helped me by providing recognition of my efforts and opening up opportunities for career advancement. It has also boosted my confidence in my teaching abilities. There were no significant obstructions; rather, it has been a positive reinforcement of my commitment to teaching.","It helped me in my career, I am now an established teacher. If anything could hurt me from it is the fact I won’t be as cheap to employ anymore.",5,0.0,0.0,0.0,0.0,0.0,0.0,0.2368421052631579,0.21438210178519945,0.28571428571428575,0.18867924528301885,-0.022460003477958457,0.048872180451127845,0.05405405405405406,0.046148242995227164,0.06666666666666667,0.0392156862745098,-0.007905811058826893,0.012612612612612609,0.15789473684210525,0.1477893766928988,0.22222222222222218,0.12903225806451613,-0.01010536014920646,0.06432748538011693,0.8703944087028503,0.8802059054374695,0.895982027053833,0.8771919012069702,0.009811496734619118,0.025587618350982666
60e85190b9cffd8fed0a064f_20260306_144837_69aae582,"My dad has prostate cancer and recently had his yearly blood test. The results came back, and unfortunately, his condition had worsened. He was supposed to receive a phone call from his doctor on a specific day to discuss the results, but the call never came. I was really worried about what would happen next and was hoping for some clarity and communication from the doctor regarding my dad's condition. The situation left me feeling annoyed and still worrying, which could have been avoided if the doctor had called as planned. Since it's cancer, time is always crucial. The quicker they act, the better the chances of it being able to be helped.",relevance,"The event mattered a lot to me because my dad has prostate cancer, and the results of his yearly blood test showed that his condition had worsened. It's important to me because time is crucial when it comes to cancer, and the quicker action is taken, the better the chances of it being helped. The lack of communication from the doctor added to my worry and frustration.","This happened this past Tuesday, it mattered very much to me and my Dad as he had spent the whole afternoon waiting in for the phone call and we were expecting to find out if he would have to have more treatment and if so what.",5,0.0,0.019657394443455403,0.09828697221727702,0.0,0.019657394443455403,0.09828697221727702,0.2456140350877193,0.2683700052647822,0.37499999999999994,0.3278688524590164,0.022755970177062906,0.12938596491228063,0.03571428571428571,0.06910334346504558,0.14285714285714285,0.04166666666666666,0.03338905775075987,0.10714285714285714,0.1754385964912281,0.19380308376736732,0.2631578947368421,0.19672131147540983,0.018364487276139235,0.087719298245614,0.862490177154541,0.8722790241241455,0.8860803246498108,0.864787220954895,0.00978884696960447,0.023590147495269775
62f18c2d37a5f255f351b61d_20260301_155946_69a45f74,"My father died, and it was a moment that brought up a lot of emotions for me. We had a very complicated relationship over the years, and I found myself wanting answers that nobody could really give me—not even him. Sometimes, I felt almost void of anything, and then there would be a rush of sadness or a rush of joy. What mattered most to me was that at the end of his life, I forgave him, and we had the relationship that we deserved.",congruence,"The situation hurt me by bringing up unresolved issues and emotions from our complicated relationship. However, it also helped me in that it allowed me to reach a point of forgiveness and acceptance. It left me with a sense of closure, which was both a help and an emotional challenge.","The situation hurt me when he left and when he died. The in-between was filled with every emotion there is. Despite the hurt, everything I've gone through in my life, the good and the bad, has led me to who I am today, with what and who I have in my life.",5,0.0607978863707152,0.0,0.0,0.0,-0.0607978863707152,-0.0607978863707152,0.25,0.19645708741162368,0.2631578947368421,0.2117647058823529,-0.05354291258837632,0.01315789473684209,0.07843137254901959,0.044706761044620916,0.07228915662650602,0.05970149253731343,-0.03372461150439868,-0.006142215922513572,0.1923076923076923,0.16444857347973516,0.20289855072463772,0.1875,-0.027859118827957136,0.010590858416945431,0.875205397605896,0.8810514450073242,0.9005292654037476,0.8771981000900269,0.005846047401428245,0.025323867797851562
5c3cb9759883d4000141f800_20260305_223557_69aa00fc,"I was informed that a work colleague had passed away suddenly. I had been speaking to him just the other week and he seemed very well. Initially, I was shocked when I found out. It made me think of all the times we’d spent working together, and I felt sad. I felt a mixture of great memories but also a reminder that we shouldn’t take anything for granted; life is precious. I also had thoughts of his family and how they must be affected by this news.",accountability,No one was specifically responsible for this; it was just a tragic and sudden event that happened beyond anyone's control.,"I don’t think anyone was responsible for any of it, unfortunately death is part of living there is no escaping it.",5,0.0,0.0,0.0,0.0,0.0,0.0,0.2790697674418604,0.24694807548086714,0.4137931034482759,0.3018867924528302,-0.032121691960993265,0.1347233360064155,0.04878048780487805,0.09017096558879703,0.2222222222222222,0.0392156862745098,0.04139047778391898,0.17344173441734417,0.18604651162790697,0.21514626070339343,0.4137931034482759,0.18867924528301888,0.02909974907548646,0.22774659182036894,0.8817933201789856,0.8874209523200989,0.9296901226043701,0.8790687322616577,0.005627632141113281,0.04789680242538452
5c3cb9759883d4000141f800_20260305_223557_69aa00fc,"I was informed that a work colleague had passed away suddenly. I had been speaking to him just the other week and he seemed very well. Initially, I was shocked when I found out. It made me think of all the times we’d spent working together, and I felt sad. I felt a mixture of great memories but also a reminder that we shouldn’t take anything for granted; life is precious. I also had thoughts of his family and how they must be affected by this news.",control,I felt no control over the situation because death is something that cannot be controlled. I could only cope by processing my emotions and reflecting on the memories I had with the colleague.,"Yes totally in control, I am not normally a very emotional person and tend to hide my emotions.",5,0.0,0.0,0.0,0.0,0.0,0.0,0.19607843137254904,0.1839472599834773,0.22727272727272727,0.163265306122449,-0.012131171389071743,0.03119429590017822,0.04081632653061224,0.019047619047619046,0.09523809523809523,0.0,-0.021768707482993196,0.05442176870748299,0.1568627450980392,0.12607816060532356,0.16901408450704225,0.12244897959183672,-0.03078458449271565,0.012151339409003037,0.8739479184150696,0.8790953755378723,0.89817875623703,0.8766657114028931,0.005147457122802734,0.02423083782196045
62f18c2d37a5f255f351b61d_20260301_155946_69a45f74,"My father died, and it was a moment that brought up a lot of emotions for me. We had a very complicated relationship over the years, and I found myself wanting answers that nobody could really give me—not even him. Sometimes, I felt almost void of anything, and then there would be a rush of sadness or a rush of joy. What mattered most to me was that at the end of his life, I forgave him, and we had the relationship that we deserved.",accountability,"No one was solely responsible for all of this. It was a mix of circumstances, our relationship dynamics, and the passage of time. My father's actions and inactions over the years played a role, but so did my own reactions and the way I processed our relationship.","For him leaving, he was responsible for that, as he was for coming back.",5,0.0,0.0,0.0,0.0,0.0,0.0,0.12903225806451613,0.18833083399500242,0.26829268292682923,0.19672131147540983,0.05929857593048629,0.1392604248623131,0.03333333333333333,0.04460305231491672,0.06779661016949153,0.03571428571428571,0.011269718981583389,0.03446327683615819,0.12903225806451613,0.14712800478186008,0.19672131147540983,0.17647058823529413,0.018095746717343958,0.06768905341089371,0.869297444820404,0.8740244507789612,0.8847013711929321,0.8815824389457703,0.004727005958557129,0.015403926372528076
5b51c33d026602000178b5ec_20260228_144002_69a2fa65,"My daughter was accepted back into high school this week after being homeschooled for approximately six months. We tried to get her into the school of her choice because she was missing the social aspect of friends and sports, and we finally received our offer this week. I was elated and nervous for her, with my emotions being up and down. It was definitely what she wants.",accountability,My daughter's desire to return to school and our efforts to facilitate that were most responsible for this outcome. The school's decision to accept her application also played a key role.,Both equally I had to think about what was best for her in this situation and also take into consideration what she wanted.,5,0.0,0.0,0.0,0.0,0.0,0.0,0.21428571428571427,0.1725178332084226,0.24390243902439024,0.1935483870967742,-0.04176788107729168,0.029616724738675965,0.0,0.04305999032414126,0.10256410256410256,0.03773584905660377,0.04305999032414126,0.10256410256410256,0.14285714285714288,0.13531305529554086,0.1951219512195122,0.12903225806451615,-0.00754408756160202,0.052264808362369325,0.8706890940666199,0.8750579118728637,0.8924760818481445,0.8750394582748413,0.004368817806243874,0.021786987781524658
57fa9d61bd8a970001fde2c6_20260301_180805_69a47e3e,"My friend was talking about the anniversary of the death of her husband, who was also my friend. It was nice to recall good memories rather than dwelling on their actual death. There was a slight feeling of sadness that they were no longer here, but it was also uplifting to reminisce and share our feelings. It was important to me that my friend felt comfortable talking about it with me.",congruence,"The situation helped by allowing us to share feelings and reminisce about positive memories. It was uplifting in that sense, though there was a slight feeling of sadness that they were no longer here.",I felt reassured that we could describe the death of a loved one without it badly affecting my friend's emotions.,5,0.0,0.0,0.0,0.0,0.0,0.0,0.18181818181818185,0.2133848274121441,0.28169014084507044,0.20408163265306123,0.031566645593962245,0.09987195902688858,0.0,0.016630434782608693,0.03333333333333333,0.020833333333333332,0.016630434782608693,0.03333333333333333,0.07272727272727271,0.12940224018078855,0.1509433962264151,0.14084507042253522,0.05667496745351584,0.07821612349914238,0.8755564093589783,0.8792887568473816,0.8923757076263428,0.8788014054298401,0.0037323474884033425,0.016819298267364502
5c3cb9759883d4000141f800_20260305_223557_69aa00fc,"I was informed that a work colleague had passed away suddenly. I had been speaking to him just the other week and he seemed very well. Initially, I was shocked when I found out. It made me think of all the times we’d spent working together, and I felt sad. I felt a mixture of great memories but also a reminder that we shouldn’t take anything for granted; life is precious. I also had thoughts of his family and how they must be affected by this news.",certainty,"Things did not go as I expected. I had no idea that he had passed away suddenly, and it was a shock when I found out. It was unexpected and left me feeling unprepared for the news.",Yes everything was as expected.,5,0.0,0.0,0.0,0.0,0.0,0.0,0.14285714285714288,0.1870838391641835,0.2692307692307693,0.19047619047619047,0.044226696307040625,0.1263736263736264,0.0,0.042256410256410255,0.05128205128205128,0.049999999999999996,0.042256410256410255,0.05128205128205128,0.09523809523809523,0.12326138710643733,0.19047619047619047,0.11538461538461539,0.0280232918683421,0.09523809523809523,0.8750730752944946,0.8776872158050537,0.8896649479866028,0.8821341395378113,0.002614140510559082,0.014591872692108154
57fa9d61bd8a970001fde2c6_20260301_180805_69a47e3e,"My friend was talking about the anniversary of the death of her husband, who was also my friend. It was nice to recall good memories rather than dwelling on their actual death. There was a slight feeling of sadness that they were no longer here, but it was also uplifting to reminisce and share our feelings. It was important to me that my friend felt comfortable talking about it with me.",certainty,"Things went as expected. It was a moment of reflection and remembrance, and it was nice to recall good memories rather than dwelling on their actual death.",I was surprised at how comfortable my friend was discussing her memories without getting upset.,5,0.0,0.0070831135864726546,0.03541556793236327,0.0,0.0070831135864726546,0.03541556793236327,0.14285714285714285,0.19474784467840975,0.2528735632183908,0.21621621621621623,0.0518907018212669,0.11001642036124792,0.0,0.0405085110967464,0.09411764705882353,0.05128205128205129,0.0405085110967464,0.09411764705882353,0.14285714285714285,0.14356199630516525,0.20689655172413793,0.16216216216216217,0.0007048534480224022,0.06403940886699508,0.8735355734825134,0.8758727073669433,0.8934048414230347,0.8710570931434631,0.0023371338844299094,0.01986926794052124
643ebfff661435ecda5a3580_20260228_190856_69a33952_c5,"A dear friend of mine had a terrible accident where she fell and broke her neck in two places, along with her tailbone, hip, and pelvis. She also has COPD, and the hospital overdosed her twice, making her oxygen levels very bad and hard to control. I've been following her situation closely and talking to her, but she's not out of the woods yet. I sent her a bear that says 'I f...... love you,' which is a good support for her neck and cheers her up. It's tough because I live in Michigan and she lives in Oklahoma, so I can't see her in person. I have COPD too, so I guess I'm more worried about the pain she's going through and the unstable oxygen levels she's experiencing, along with her lungs filling up. I just don't want her to be in pain.",congruence,"The situation has hurt me by causing significant worry and emotional distress. I'm concerned about her pain and the potential long-term effects of her injuries, especially given her pre-existing COPD. It's difficult to help from a distance, and I feel helpless because I can't be there to support her in person. The situation has also made me more aware of my own health issues, as I have COPD too, which adds another layer of concern for her well-being.","It hurt me because I couldn't be there and I couldn't care for her. I think I was put on this earth to care for people and animals. I cared and helped take care of my BFF for years, my father, my mother, and a few others. I enjoy taking care of them.",5,0.0,0.0,0.0,0.0,0.0,0.0,0.302158273381295,0.18876975046311428,0.3,0.14736842105263157,-0.11338852291818069,-0.002158273381294984,0.10218978102189781,0.03339437788523978,0.07766990291262137,0.021505376344086023,-0.06879540313665802,-0.024519878109276444,0.1726618705035971,0.11770871277572814,0.18333333333333338,0.12244897959183672,-0.05495315772786896,0.010671462829736272,0.8604263663291931,0.8627120614051819,0.8743901252746582,0.8605113625526428,0.0022856950759887473,0.013963758945465088
643ebfff661435ecda5a3580_20260228_190856_69a33952_c5,"A dear friend of mine had a terrible accident where she fell and broke her neck in two places, along with her tailbone, hip, and pelvis. She also has COPD, and the hospital overdosed her twice, making her oxygen levels very bad and hard to control. I've been following her situation closely and talking to her, but she's not out of the woods yet. I sent her a bear that says 'I f...... love you,' which is a good support for her neck and cheers her up. It's tough because I live in Michigan and she lives in Oklahoma, so I can't see her in person. I have COPD too, so I guess I'm more worried about the pain she's going through and the unstable oxygen levels she's experiencing, along with her lungs filling up. I just don't want her to be in pain.",control,"I feel very little control in this situation. I live in a different state, so I can't be there to provide physical support or monitor her condition. My ability to help is limited to sending messages, gifts, and offering emotional support from afar. I can't control the medical decisions being made or the outcome of her recovery, which makes it frustrating and helpless.",No. She is there and I am here. I couldn't control the situation. I know it isn't her time yet. It is a miracle from God that she is still here. It brings back the bad memories of when I had to help decide if the plug should get pulled on my BFF. That was agonizing.,5,0.0,0.0,0.0,0.0,0.0,0.0,0.34146341463414637,0.18155368478175496,0.3076923076923077,0.14285714285714285,-0.1599097298523914,-0.03377110694183866,0.06611570247933884,0.029658089517459862,0.0759493670886076,0.0273972602739726,-0.03645761296187898,0.009833664609268752,0.1626016260162602,0.14399948589422273,0.22222222222222224,0.11904761904761905,-0.018602140122037453,0.05962059620596205,0.8643321394920349,0.8661054730415344,0.8835142254829407,0.8670317530632019,0.0017733335494994895,0.01918208599090576
643ebfff661435ecda5a3580_20260228_190856_69a33952_c5,"A dear friend of mine had a terrible accident where she fell and broke her neck in two places, along with her tailbone, hip, and pelvis. She also has COPD, and the hospital overdosed her twice, making her oxygen levels very bad and hard to control. I've been following her situation closely and talking to her, but she's not out of the woods yet. I sent her a bear that says 'I f...... love you,' which is a good support for her neck and cheers her up. It's tough because I live in Michigan and she lives in Oklahoma, so I can't see her in person. I have COPD too, so I guess I'm more worried about the pain she's going through and the unstable oxygen levels she's experiencing, along with her lungs filling up. I just don't want her to be in pain.",certainty,"Things did not go as I expected. The severity of her injuries and the complications with her COPD were more than I anticipated. The hospital's management of her oxygen levels, leading to overdoses, was unexpected and has made her condition more unstable. It's clear that her recovery will be a long and difficult process, and I didn't expect the extent of the challenges she's facing.",Things look like they are on track now. I am breathing easier knowing that they are getting her stable.,5,0.0,0.010668739982481055,0.05334369991240528,0.0,0.010668739982481055,0.05334369991240528,0.09090909090909091,0.1427819560339005,0.21428571428571427,0.16867469879518074,0.0518728651248096,0.12337662337662336,0.0,0.030360743602752732,0.09876543209876543,0.02564102564102564,0.030360743602752732,0.09876543209876543,0.09090909090909091,0.1089091410851362,0.16867469879518074,0.09523809523809525,0.018000050176045293,0.07776560788608983,0.8600009083747864,0.8608016848564148,0.8789505958557129,0.8665624260902405,0.0008007764816284624,0.018949687480926514
5b51c33d026602000178b5ec_20260228_144002_69a2fa65,"My daughter was accepted back into high school this week after being homeschooled for approximately six months. We tried to get her into the school of her choice because she was missing the social aspect of friends and sports, and we finally received our offer this week. I was elated and nervous for her, with my emotions being up and down. It was definitely what she wants.",control,"I felt a mix of control and uncertainty. While I could apply and advocate for her admission, the final decision rested with the school. This created a sense of nervousness alongside the excitement of the process.",No because ultimately the decision lies with the council.,5,0.0,0.0,0.0,0.0,0.0,0.0,0.17777777777777776,0.19324860646599779,0.2318840579710145,0.1923076923076923,0.015470828688220029,0.05410628019323674,0.04651162790697674,0.04166769671312176,0.06349206349206349,0.043478260869565216,-0.0048439311938549764,0.016980435585086752,0.17777777777777776,0.1674515050167224,0.20289855072463767,0.16,-0.010326272761055355,0.02512077294685991,0.8829779624938965,0.8833714365959168,0.8971502184867859,0.882982611656189,0.0003934741020202859,0.014172255992889404
655fb104e3d55d460e274ddf_20260228_215919_69a362e2,"One of my roommates ate my food, and this time it was my entire box of Quaker oatmeal. I wanted to take that particular food to work because it's easy to just heat up and go. I was upset and ended up being hangry since I didn't have money to buy food. I have a lot of roommates, and I was frustrated because they could have just asked for some instead of stealing.",accountability,"My roommate was most responsible for all of this because they chose to take my food without asking, showing a lack of respect for my belongings.",My roommates.,5,0.0,0.0,0.0,0.0,0.0,0.0,0.07142857142857144,0.16401268199587526,0.2461538461538462,0.16326530612244897,0.09258411056730383,0.17472527472527477,0.0,0.0272696570568911,0.06349206349206349,0.030303030303030304,0.0272696570568911,0.06349206349206349,0.07142857142857144,0.14582263674700652,0.1846153846153846,0.16326530612244897,0.07439406531843508,0.11318681318681316,0.8780814409255981,0.878022837638855,0.8951131701469421,0.8779013752937317,-5.8603286743119654e-05,0.017031729221343994
6631dd70c1393b01137d8453_20260228_163013_69a31305,"I was informed that I had received a promotion at work, which meant I would be working my last week at the store I was currently at. I was trying to improve my standing in the organization with this promotion, and I needed positive reinforcement from my employees and peers. Overall, I felt positive about the promotion, but it was also bittersweet because I had grown close to a lot of the employees at my old location, and I will miss them. It was important to me to receive validation from my former employees that they enjoyed working with me and felt I did a good job.",relevance,"The event mattered a lot to me because it represented a significant step in my career and a chance to improve my standing within the organization. It was important to me to receive validation from my former employees that they enjoyed working with me and felt I did a good job, as this would reinforce my professional growth and relationships.",The event happened at the beginning of last week as I was informed at the beginning of the week. It was important to me because I had been working hard to receive a promotion.,5,0.09204353584407582,0.032372051150888384,0.09000440748096142,0.0,-0.059671484693187435,-0.002039128363114401,0.3191489361702128,0.25617036271822535,0.3232323232323232,0.27722772277227725,-0.06297857345198743,0.004083387062110422,0.15217391304347827,0.08759106290600842,0.12371134020618557,0.09090909090909091,-0.06458285013746985,-0.0284625728372927,0.23404255319148937,0.2162805655193274,0.2626262626262626,0.2376237623762376,-0.017761987672161972,0.02858370943477323,0.8843173980712891,0.8832136273384095,0.8951818943023682,0.8850831985473633,-0.0011037707328795943,0.010864496231079102
5a764e848fe2dc000105739c_20260301_143615_69a44b6b,"I met up with some old friends from my past at a beerex and spent the evening chatting about the past and what we are doing today. We all got something positive from the evening and decided we would like to repeat it the following year. I felt rather good because not only did we all enjoy ourselves, I felt particularly good knowing I contributed in the past to their being friends today. I also had my brother there and my best friend who also knew these people, and they also enjoyed the evening.",congruence,The situation helped me by reinforcing my sense of connection and contribution to others' lives. It boosted my well-being by providing a positive social experience and reminded me of the value of past relationships.,It reminded me that I helped contribute to other peoples development when I was very much younger. This was a positive contribution to making our community better.,5,0.0,0.0,0.0,0.0,0.0,0.0,0.25806451612903225,0.20487865131209002,0.36923076923076925,0.1791044776119403,-0.053185864816942235,0.111166253101737,0.10000000000000002,0.03155067155067155,0.126984126984127,0.0,-0.06844932844932847,0.026984126984126985,0.12903225806451613,0.1520030987481982,0.24615384615384614,0.11940298507462688,0.022970840683682076,0.11712158808933001,0.8887729644775391,0.887488579750061,0.910892128944397,0.8853324055671692,-0.0012843847274780495,0.02211916446685791
648a30a2847ab1c5fa5785f8_20260309_203417_69af2ada,"I volunteer at a pony charity that helps young people with learning disabilities experience riding. Recently, someone cut the fences, and the ponies escaped. We managed to retrieve them, but they had puncture wounds and were clearly traumatized. Now, the ponies need time to rest and heal, which means the children are missing out on this valuable experience. We have to cover the vet bills and repair the fences, so we've all come together to help the ponies recover and fix the damage. It's really sad to see the ponies and the children affected like this, but I'm relieved it wasn't worse, like a car accident involving the loose ponies.",relevance,The event mattered a great deal to me because it involved the welfare of the ponies and the children who rely on this charity for a valuable experience. It was urgent to ensure the ponies were safe and to address the damage caused.,"It happened last Tuesday, and it mattered so much because I love the ponies.",5,0.0,0.038587037328369725,0.1929351866418486,0.0,0.038587037328369725,0.1929351866418486,0.24561403508771928,0.31086474501108646,0.46341463414634154,0.2666666666666666,0.06525070992336718,0.21780059905862226,0.03636363636363636,0.0835593220338983,0.225,0.06779661016949153,0.047195685670261944,0.18863636363636366,0.1754385964912281,0.2312638580931264,0.30303030303030304,0.23333333333333336,0.055825261601898324,0.12759170653907495,0.8841678500175476,0.881777560710907,0.8909562230110168,0.8799197673797607,-0.002390289306640647,0.006788372993469238
6631dd70c1393b01137d8453_20260228_163013_69a31305,"I was informed that I had received a promotion at work, which meant I would be working my last week at the store I was currently at. I was trying to improve my standing in the organization with this promotion, and I needed positive reinforcement from my employees and peers. Overall, I felt positive about the promotion, but it was also bittersweet because I had grown close to a lot of the employees at my old location, and I will miss them. It was important to me to receive validation from my former employees that they enjoyed working with me and felt I did a good job.",control,"I felt partially in control because I had worked hard to earn the promotion, but I also felt a lack of control over the emotional impact of leaving my old team. While I could not change the decision to move, I could manage how I processed the transition and maintained positive relationships.",Some of the time yes because it was my job to inspire and motivate the team. However there were times things happened outside my control.,5,0.0,0.0,0.0,0.0,0.0,0.0,0.2337662337662338,0.199396900248283,0.26865671641791045,0.16666666666666669,-0.034369333517950795,0.03489048265167666,0.0,0.0520361348095868,0.07272727272727272,0.061538461538461535,0.0520361348095868,0.07272727272727272,0.12987012987012989,0.1775381967776842,0.23880597014925373,0.16666666666666669,0.04766806690755432,0.10893584027912384,0.8750371336936951,0.8723836779594422,0.8969705104827881,0.8729040622711182,-0.0026534557342529075,0.021933376789093018
60e85190b9cffd8fed0a064f_20260306_144837_69aae582,"My dad has prostate cancer and recently had his yearly blood test. The results came back, and unfortunately, his condition had worsened. He was supposed to receive a phone call from his doctor on a specific day to discuss the results, but the call never came. I was really worried about what would happen next and was hoping for some clarity and communication from the doctor regarding my dad's condition. The situation left me feeling annoyed and still worrying, which could have been avoided if the doctor had called as planned. Since it's cancer, time is always crucial. The quicker they act, the better the chances of it being able to be helped.",control,"I did not feel in control during this situation. I had no say in when the call would come or what the results would be. All I could do was wait and worry, which is a very powerless position to be in, especially when it comes to something as serious as cancer.",No I didn't feel like we were in control at all as we then had to leave a message on an answer machine at the hospital and wait for someone to return the call.,5,0.0,0.017933184525959617,0.08966592262979808,0.0,0.017933184525959617,0.08966592262979808,0.36781609195402304,0.27715548593528966,0.4155844155844156,0.2857142857142857,-0.09066060601873338,0.04776832363039257,0.047058823529411764,0.06248275862068966,0.1724137931034483,0.03333333333333333,0.015423935091277895,0.12535496957403652,0.18390804597701152,0.18583231635125044,0.25974025974025977,0.16129032258064518,0.0019242703742389233,0.07583221376324825,0.8724244236946106,0.8697704672813416,0.8940916061401367,0.8591027855873108,-0.002653956413269043,0.021667182445526123
6631dd70c1393b01137d8453_20260228_163013_69a31305,"I was informed that I had received a promotion at work, which meant I would be working my last week at the store I was currently at. I was trying to improve my standing in the organization with this promotion, and I needed positive reinforcement from my employees and peers. Overall, I felt positive about the promotion, but it was also bittersweet because I had grown close to a lot of the employees at my old location, and I will miss them. It was important to me to receive validation from my former employees that they enjoyed working with me and felt I did a good job.",certainty,"Things went better than I expected in terms of receiving the promotion, but the bittersweet nature of leaving my old location was unexpected. I had hoped to maintain closer ties with the employees there, but the promotion meant a necessary transition.","For the most part, they went as expected. I felt I had a chance to get promoted last year but it didn’t happen.",5,0.0,0.0,0.0,0.0,0.0,0.0,0.27692307692307694,0.12930068979028586,0.18181818181818182,0.15384615384615383,-0.14762238713279108,-0.09510489510489512,0.03174603174603175,0.014545454545454545,0.07272727272727272,0.0,-0.017200577200577206,0.04098124098124097,0.1846153846153846,0.10244754293713902,0.17543859649122806,0.0923076923076923,-0.08216784167824558,-0.009176788124156537,0.875375509262085,0.8724066734313964,0.8817641139030457,0.8733388185501099,-0.002968835830688521,0.006388604640960693
655fb104e3d55d460e274ddf_20260228_215919_69a362e2,"One of my roommates ate my food, and this time it was my entire box of Quaker oatmeal. I wanted to take that particular food to work because it's easy to just heat up and go. I was upset and ended up being hangry since I didn't have money to buy food. I have a lot of roommates, and I was frustrated because they could have just asked for some instead of stealing.",congruence,The situation hurt me by leaving me without food options for work and causing financial stress since I couldn't afford to replace it. It also made me feel frustrated and disrespected in my living situation.,It hurt me in general but now I know to keep non-perishable foods in my room.,5,0.0,0.0,0.0,0.0,0.0,0.0,0.2641509433962264,0.23629516472687756,0.3582089552238806,0.23529411764705885,-0.027855778669348852,0.09405801182765416,0.0784313725490196,0.01395348837209302,0.04651162790697674,0.0,-0.06447788417692658,-0.03191974464204287,0.22641509433962262,0.1373099659436103,0.17777777777777776,0.13725490196078433,-0.08910512839601231,-0.04863731656184486,0.8700057864189148,0.8665590167045594,0.8919706344604492,0.8652297854423523,-0.0034467697143554243,0.021964848041534424
57fa9d61bd8a970001fde2c6_20260301_180805_69a47e3e,"My friend was talking about the anniversary of the death of her husband, who was also my friend. It was nice to recall good memories rather than dwelling on their actual death. There was a slight feeling of sadness that they were no longer here, but it was also uplifting to reminisce and share our feelings. It was important to me that my friend felt comfortable talking about it with me.",relevance,"The event mattered a lot to me because it involved a close friend and her late husband, who was also my friend. It was important to me that my friend felt comfortable talking about it with me, and it provided a chance to honor their memory.",This happened within the last week when I visited my friend at their home. It mattered a great deal as I feel that it comforted both of us.,5,0.0,0.021672328066436024,0.10836164033218013,0.0,0.021672328066436024,0.10836164033218013,0.24324324324324326,0.30066911644504446,0.37209302325581395,0.36974789915966383,0.0574258732018012,0.1288497800125707,0.05555555555555555,0.0800113412946237,0.1518987341772152,0.06349206349206349,0.024455785739068148,0.09634317862165964,0.16216216216216214,0.20322816339263125,0.271604938271605,0.18604651162790697,0.04106600123046911,0.10944277610944284,0.8880952596664429,0.8830082654953003,0.8925685286521912,0.8855446577072144,-0.005086994171142556,0.004473268985748291
66a426bcd6c66d59e395617b_20260302_155945_69a5b18a,"A close family member, my cousin, passed away, and I was unable to attend the funeral because I was sick. I really wanted to be there, but my illness kept me from going. Not being able to attend made me feel guilty, like I should have gone anyways despite being sick, and I felt selfish for not being there.",control,"I did not feel in control because my illness was not something I could simply choose to ignore or overcome quickly. It was a physical limitation that I had to deal with, and I couldn't force myself to go despite wanting to.","No, I didn't feel in control because I wanted to attend but my body wouldn't let me.",5,0.06534434987768793,0.02361811418962461,0.11809057094812304,0.0,-0.04172623568806332,0.05274622107043511,0.2903225806451613,0.30782862781416226,0.3870967741935483,0.3283582089552239,0.01750604716900095,0.09677419354838701,0.1,0.10488080627555665,0.2,0.10714285714285714,0.004880806275556648,0.1,0.25806451612903225,0.2399914390421544,0.3548387096774194,0.2068965517241379,-0.01807307708687786,0.09677419354838712,0.9064299464225769,0.8985873341560364,0.9269327521324158,0.8948354721069336,-0.007842612266540483,0.020502805709838867
5abbe13268b65b00018cf94b_20260227_172233_69a1d127,"I passed my final probation at work, which means I'm now an early career teacher and can move up the pay scale. This whole experience has left me feeling proud and relieved. It was really important to me to maintain my high standards throughout the probation period, and the pay rise is also a significant factor for me. Teaching is my passion, and I find immense joy in inspiring and educating my students. Being able to continue doing what I love while advancing in my career is incredibly fulfilling.",certainty,"Things went better than I expected. I had high standards for myself during the probation period, and it was reassuring to know that I met those expectations. The confirmation that I am now an early career teacher and can move up the pay scale was a pleasant surprise, as it validates my hard work and dedication.","Yes, things went as expected. I expected to pass my ECT course.",5,0.0,0.0,0.0,0.0,0.0,0.0,0.20588235294117646,0.14209282788073593,0.1791044776119403,0.16129032258064516,-0.06378952506044053,-0.026777875329236173,0.0909090909090909,0.025547785547785546,0.06666666666666667,0.0303030303030303,-0.06536130536130536,-0.024242424242424232,0.17647058823529413,0.09902962718930783,0.12903225806451613,0.11764705882352941,-0.0774409610459863,-0.047438330170778004,0.8784510493278503,0.8703901529312134,0.8773432970046997,0.8677947521209717,-0.008060896396636985,-0.0011077523231506348
5a764e848fe2dc000105739c_20260301_143615_69a44b6b,"I met up with some old friends from my past at a beerex and spent the evening chatting about the past and what we are doing today. We all got something positive from the evening and decided we would like to repeat it the following year. I felt rather good because not only did we all enjoy ourselves, I felt particularly good knowing I contributed in the past to their being friends today. I also had my brother there and my best friend who also knew these people, and they also enjoyed the evening.",control,"I felt a moderate level of control. While I couldn't control everyone's actions or the overall atmosphere, I could contribute positively by being present, engaging in conversation, and fostering a welcoming environment.",The fact that they all turned up was a tribute to me and although I had no control over their arrival I was always there to meet them.,5,0.0,0.0,0.0,0.0,0.0,0.0,0.1935483870967742,0.22227880814837336,0.29090909090909084,0.20833333333333334,0.028730421051599175,0.09736070381231665,0.0,0.008695652173913044,0.043478260869565216,0.0,0.008695652173913044,0.043478260869565216,0.12903225806451615,0.15409496300800649,0.18181818181818185,0.16666666666666666,0.025062704943490333,0.0527859237536657,0.8825374245643616,0.873672354221344,0.8854236006736755,0.8694352507591248,-0.008865070343017534,0.002886176109313965
655fb104e3d55d460e274ddf_20260228_215919_69a362e2,"One of my roommates ate my food, and this time it was my entire box of Quaker oatmeal. I wanted to take that particular food to work because it's easy to just heat up and go. I was upset and ended up being hangry since I didn't have money to buy food. I have a lot of roommates, and I was frustrated because they could have just asked for some instead of stealing.",certainty,"Things did not go as I expected. I anticipated having my oatmeal for work, but instead, it was gone without me even asking for it. I didn't expect my roommate to just take it without permission.",No. I just have to buy more and keep it in my room.,5,0.0,0.0,0.0,0.0,0.0,0.0,0.2,0.16668837747865103,0.25,0.13333333333333333,-0.03331162252134898,0.04999999999999999,0.0,0.020244716351501667,0.06896551724137931,0.0,0.020244716351501667,0.06896551724137931,0.12,0.14752171081198434,0.1875,0.13333333333333333,0.027521710811984346,0.0675,0.8629518747329712,0.8535976409912109,0.8728302121162415,0.8612747192382812,-0.009354233741760254,0.009878337383270264
57fa9d61bd8a970001fde2c6_20260301_180805_69a47e3e,"My friend was talking about the anniversary of the death of her husband, who was also my friend. It was nice to recall good memories rather than dwelling on their actual death. There was a slight feeling of sadness that they were no longer here, but it was also uplifting to reminisce and share our feelings. It was important to me that my friend felt comfortable talking about it with me.",control,I felt in control because I could choose how to respond and what to focus on during the conversation. It was a supportive and comfortable interaction.,I felt that we were both in control as we both participated.,5,0.0,0.015812412127070845,0.07906206063535422,0.0,0.015812412127070845,0.07906206063535422,0.21052631578947367,0.2652711717848016,0.3137254901960784,0.26666666666666666,0.05474485599532791,0.10319917440660475,0.1111111111111111,0.052726620902101895,0.12244897959183673,0.03773584905660378,-0.05838449020900921,0.011337868480725627,0.21052631578947367,0.21878304808003515,0.27450980392156865,0.23333333333333334,0.00825673229056148,0.06398348813209498,0.8999770879745483,0.8779025077819824,0.8942267298698425,0.8737188577651978,-0.022074580192565918,-0.0057503581047058105
648a30a2847ab1c5fa5785f8_20260309_203417_69af2ada,"I volunteer at a pony charity that helps young people with learning disabilities experience riding. Recently, someone cut the fences, and the ponies escaped. We managed to retrieve them, but they had puncture wounds and were clearly traumatized. Now, the ponies need time to rest and heal, which means the children are missing out on this valuable experience. We have to cover the vet bills and repair the fences, so we've all come together to help the ponies recover and fix the damage. It's really sad to see the ponies and the children affected like this, but I'm relieved it wasn't worse, like a car accident involving the loose ponies.",certainty,"Things did not go as expected. The fences were cut, and the ponies escaped, causing injury and trauma. We managed to retrieve them, but the situation was more serious than anticipated, requiring vet care and fence repairs.",The ponies are recovering as hoped.,5,0.0,0.029901880015727588,0.14950940007863794,0.0,0.029901880015727588,0.14950940007863794,0.13953488372093023,0.1656361016033147,0.3384615384615385,0.13114754098360656,0.02610121788238448,0.19892665474060825,0.048780487804878044,0.0380952380952381,0.1904761904761905,0.0,-0.010685249709639945,0.14169570267131246,0.09302325581395349,0.13774539122080107,0.3384615384615385,0.09836065573770492,0.04472213540684758,0.245438282647585,0.8835230469703674,0.8603562355041504,0.8791842460632324,0.855132520198822,-0.02316681146621702,-0.00433880090713501
5abbe13268b65b00018cf94b_20260227_172233_69a1d127,"I passed my final probation at work, which means I'm now an early career teacher and can move up the pay scale. This whole experience has left me feeling proud and relieved. It was really important to me to maintain my high standards throughout the probation period, and the pay rise is also a significant factor for me. Teaching is my passion, and I find immense joy in inspiring and educating my students. Being able to continue doing what I love while advancing in my career is incredibly fulfilling.",accountability,"I feel that I am most responsible for this outcome, as I put in the effort to maintain high standards and perform well during the probation period. However, the support and guidance I received from my mentors and colleagues also played a crucial role in helping me succeed.",I felt like my hard work and commitment was the most responsible for this.,5,0.056621705833762526,0.0,0.0,0.0,-0.056621705833762526,-0.056621705833762526,0.25806451612903225,0.18236880614985645,0.2711864406779661,0.20338983050847456,-0.0756957099791758,0.01312192454893385,0.1,0.03460785218452326,0.07017543859649122,0.03389830508474576,-0.06539214781547675,-0.02982456140350878,0.16129032258064516,0.13547244604982864,0.20338983050847456,0.13333333333333333,-0.02581787653081652,0.042099507927829405,0.907006561756134,0.8774059414863586,0.8938916325569153,0.8814991116523743,-0.02960062026977539,-0.01311492919921875
62f18c2d37a5f255f351b61d_20260301_155946_69a45f74,"My father died, and it was a moment that brought up a lot of emotions for me. We had a very complicated relationship over the years, and I found myself wanting answers that nobody could really give me—not even him. Sometimes, I felt almost void of anything, and then there would be a rush of sadness or a rush of joy. What mattered most to me was that at the end of his life, I forgave him, and we had the relationship that we deserved.",relevance,"The event mattered deeply to me because it involved my father, with whom I had a complicated relationship over the years. It brought up a lot of emotions, and I found myself wanting answers that nobody could really give me—not even him. It mattered because it was a significant moment in my life that affected my well-being and identity.","The event happened on January 31st. It mattered to me because it was a significant moment that brought up a lot of emotions, reflecting the complicated relationship I had with my father over the years.",5,0.2412516589137549,0.0,0.0,0.0,-0.2412516589137549,-0.2412516589137549,0.6041666666666667,0.30409156124196135,0.43243243243243246,0.2823529411764706,-0.3000751054247054,-0.17173423423423428,0.4042553191489362,0.07892742576255246,0.10989010989010987,0.09174311926605504,-0.32532789338638374,-0.2943652092588263,0.3333333333333333,0.20100792751399138,0.25225225225225223,0.1956521739130435,-0.13232540581934193,-0.08108108108108109,0.9273008704185486,0.8788807153701782,0.8876894116401672,0.8864812254905701,-0.048420155048370384,-0.03961145877838135
